original_time_s,shifted_target_time_s,target_force_Pa,model_force_Pa
0.001,-0.0338102125637595,0,-1226.46729665205
0.002,-0.0328102125637595,0,-1225.30194567937
0.003,-0.0318102125637595,0,-1222.63132747722
0.004,-0.0308102125637595,0,-1218.26998538861
0.005,-0.0298102125637595,0,-1212.24311596373
0.006,-0.0288102125637595,0,-1204.68559415919
0.007,-0.0278102125637595,0,-1195.77797554369
0.008,-0.0268102125637595,0,-1185.71024597028
0.009,-0.0258102125637595,0,-1174.66337156874
0.01,-0.0248102125637595,0,-1162.80121867634
0.011,-0.0238102125637595,0,-1150.26808373084
0.012,-0.0228102125637595,0,-1137.18903632657
0.013,-0.0218102125637595,0,-1123.67152424005
0.014,-0.0208102125637595,0,-1109.80742227213
0.015,-0.0198102125637595,0,-1095.67511633049
0.016,-0.0188102125637595,0,-1081.3414371924
0.017,-0.0178102125637595,0,-1066.86337217201
0.018,-0.0168102125637595,0,-1052.28954302201
0.019,-0.0158102125637595,0,-1037.66146272697
0.02,-0.0148102125637595,0,-1023.01459674379
0.021,-0.0138102125637595,0,-1008.37925502981
0.022,-0.0128102125637595,0,-993.781341819098
0.023,-0.0118102125637595,0,-979.242985590642
0.024,-0.0108102125637595,0,-964.783069637087
0.025,-0.00981021256375948,0,-950.417680385687
0.026,-0.00881021256375947,0,-936.160487075899
0.027,-0.00781021256375947,0,-922.023064773155
0.028,-0.00681021256375947,0,-908.015170161267
0.029,-0.00581021256375947,0,-894.144977953971
0.03,-0.00481021256375947,0,-880.419284404634
0.031,-0.00381021256375947,0,-866.843683157336
0.032,-0.00281021256375947,0,-853.422717709061
0.033,-0.00181021256375947,0,-840.160014188363
0.034,-0.000810212563759467,0,-827.058397196256
0.035,0.000189787436240534,0,-814.119991336127
0.036,0.00118978743624053,0,-801.346310282611
0.037,0.00218978743624054,0,-788.738335168697
0.038,0.00318978743624054,0,-776.296583658003
0.039,0.00418978743624054,0,-764.021170970888
0.04,0.00518978743624054,0,-751.911863638981
0.041,0.00618978743624054,0,-739.968127273741
0.042,0.00718978743624054,0,-728.18916852353
0.043,0.00818978743624054,0,-716.573972436345
0.044,0.00918978743624054,0,-705.121335306382
0.045,0.0101897874362405,0,-693.829893738155
0.046,0.0111897874362405,0,-682.698150294744
0.047,0.0121897874362405,0,-671.724496103139
0.048,0.0131897874362405,0,-660.907230684815
0.049,0.0141897874362405,0,-650.244579417137
0.05,0.0151897874362405,0,-639.734708819687
0.051,0.0161897874362405,0,-629.375739851121
0.052,0.0171897874362405,0,-619.165759563119
0.053,0.0181897874362405,0,-609.102831165098
0.054,0.0191897874362406,0,-599.185002739078
0.055,0.0201897874362406,0,-589.410314756315
0.056,0.0211897874362406,0,-579.776806475357
0.057,0.0221897874362406,0,-570.282521522151
0.058,0.0231897874362406,0,-560.925512369838
0.059,0.0241897874362406,0,-551.703844314877
0.06,0.0251897874362406,0,-542.615598886857
0.061,0.0261897874362406,0,-533.658876236343
0.062,0.0271897874362406,0,-524.831797548705
0.063,0.0281897874362406,0,-516.132506712333
0.064,0.0291897874362406,0,-507.559171712769
0.065,0.0301897874362406,0,-499.109985689195
0.066,0.0311897874362406,0,-490.78316771253
0.067,0.0321897874362406,0,-482.57696332532
0.068,0.0331897874362406,0,-474.489644873978
0.069,0.0341897874362406,0,-466.519511699459
0.07,0.0351897874362406,0,-458.664890109096
0.071,0.0361897874362406,0,-450.924133328749
0.0720000000000001,0.0371897874362406,0,-443.295621280664
0.0730000000000001,0.0381897874362406,0,-435.777760300613
0.0740000000000001,0.0391897874362406,0,-428.368982843272
0.0750000000000001,0.0401897874362406,0,-421.067747015801
0.0760000000000001,0.0411897874362406,0,-413.872536148765
0.0770000000000001,0.0421897874362406,0,-406.781858449671
0.0780000000000001,0.0431897874362406,0,-399.794246395979
0.0790000000000001,0.0441897874362406,0,-392.90825624314
0.0800000000000001,0.0451897874362406,0,-386.122467596028
0.0810000000000001,0.0461897874362406,0,-379.435482847484
0.0820000000000001,0.0471897874362406,0,-372.845926684685
0.0830000000000001,0.0481897874362406,0,-366.352445588043
0.0840000000000001,0.0491897874362406,0,-359.953707337627
0.0850000000000001,0.0501897874362406,0,-353.648400529225
0.0860000000000001,0.0511897874362406,0,-347.435234104863
0.0870000000000001,0.0521897874362406,0,-341.312936876862
0.0880000000000001,0.0531897874362406,0,-335.280257112877
0.0890000000000001,0.0541897874362406,0,-329.335962071244
0.0900000000000001,0.0551897874362406,0,-323.478837599502
0.0910000000000001,0.0561897874362406,0,-317.707687722319
0.0920000000000001,0.0571897874362406,0,-312.021334261378
0.0930000000000001,0.0581897874362406,0,-306.418616450429
0.0940000000000001,0.0591897874362406,0,-300.898390578411
0.0950000000000001,0.0601897874362406,0,-295.459529640312
0.0960000000000001,0.0611897874362406,0,-290.100923002928
0.0970000000000001,0.0621897874362406,0,-284.821476081513
0.0980000000000001,0.0631897874362406,0,-279.620110029702
0.0990000000000001,0.0641897874362406,0,-274.495761442097
0.1,0.0651897874362406,0,-269.447382062883
0.101,0.0661897874362406,0,-264.473938513633
0.102,0.0671897874362406,0,-259.574412025058
0.103,0.0681897874362406,0,-254.747798171323
0.104,0.0691897874362406,0,-249.993106630897
0.105,0.0701897874362406,0,-245.309360940123
0.106,0.0711897874362406,0,-240.695598262618
0.107,0.0721897874362406,0,-236.150869156033
0.108,0.0731897874362406,0,-231.674237367972
0.109,0.0741897874362406,0,-227.264779610499
0.11,0.0751897874362406,0,-222.92158535069
0.111,0.0761897874362406,0,-218.643756632231
0.112,0.0771897874362406,0,-214.430407857752
0.113,0.0781897874362406,0,-210.280665593781
0.114,0.0791897874362406,0,-206.193668421788
0.115,0.0801897874362406,0,-202.168566710359
0.116,0.0811897874362406,0,-198.204522473822
0.117,0.0821897874362406,0,-194.300709180712
0.118,0.0831897874362406,0,-190.456311597725
0.119,0.0841897874362406,0,-186.670525599064
0.12,0.0851897874362406,0,-182.942558039626
0.121,0.0861897874362406,0,-179.271626569837
0.122,0.0871897874362406,0,-175.656959486658
0.123,0.0881897874362406,0,-172.097795581456
0.124,0.0891897874362406,0,-168.59338399109
0.125,0.0901897874362406,0,-165.142984044232
0.126,0.0911897874362406,0,-161.745865121347
0.127,0.0921897874362406,0,-158.401306508974
0.128,0.0931897874362406,0,-155.108597259522
0.129,0.0941897874362406,0,-151.867036052662
0.13,0.0951897874362406,0,-148.675931058896
0.131,0.0961897874362406,0,-145.534599805217
0.132,0.0971897874362406,0,-142.442369046264
0.133,0.0981897874362406,0,-139.398574616413
0.134,0.0991897874362406,0,-136.402561336433
0.135,0.100189787436241,0,-133.453682851661
0.136,0.101189787436241,0,-130.551301524835
0.137,0.102189787436241,0,-127.69478830351
0.138,0.103189787436241,0,-124.883522628972
0.139,0.104189787436241,0,-122.116892255966
0.14,0.105189787436241,0,-119.394293195727
0.141,0.106189787436241,0,-116.715129567894
0.142,0.107189787436241,0,-114.07881350534
0.143,0.108189787436241,0,-111.484764987806
0.144,0.109189787436241,0,-108.93241183902
0.145,0.110189787436241,0,-106.421189490791
0.146,0.111189787436241,0,-103.950540959149
0.147,0.112189787436241,0,-101.519916706753
0.148,0.113189787436241,0,-99.1287745421539
0.149,0.114189787436241,0,-96.7765795158614
0.15,0.115189787436241,0,-94.4628038178607
0.151,0.116189787436241,0,-92.18692667658
0.152,0.117189787436241,0,-89.9484342592695
0.153,0.118189787436241,0,-87.7468195737983
0.154,0.119189787436241,0,-85.5815823718426
0.155,0.120189787436241,0,-83.4522290555169
0.156,0.121189787436241,0,-81.3582725729018
0.157,0.122189787436241,0,-79.2992323475798
0.158,0.123189787436241,0,-77.2746341596059
0.159,0.124189787436241,0,-75.2840100743135
0.16,0.125189787436241,0,-73.326898362676
0.161,0.126189787436241,0,-71.4028433684191
0.162,0.127189787436241,0,-69.5113954849243
0.163,0.128189787436241,0,-67.6521110144276
0.164,0.129189787436241,0,-65.8245521272601
0.165,0.130189787436241,0,-64.0282867365692
0.166,0.131189787436241,0,-62.2628884680557
0.167,0.132189787436241,0,-60.5279365374269
0.168,0.133189787436241,0,-58.8230156870788
0.169,0.134189787436241,0,-57.1477161149992
0.17,0.135189787436241,0,-55.5016333886872
0.171,0.136189787436241,0,-53.8843683674195
0.172,0.137189787436241,0,-52.2955271446651
0.173,0.138189787436241,0,-50.7347209453271
0.174,0.139189787436241,0,-49.2015660955594
0.175,0.140189787436241,0,-47.6956839083082
0.176,0.141189787436241,0,-46.2167006479978
0.177,0.142189787436241,0,-44.7642474360621
0.178,0.143189787436241,0,-43.337960206419
0.179,0.144189787436241,0,-41.9374796150098
0.18,0.145189787436241,0,-40.5624510015595
0.181,0.146189787436241,0,-39.2125242888401
0.182,0.147189787436241,0,-37.8873539564874
0.183,0.148189787436241,0,-36.5865989537285
0.184,0.149189787436241,0,-35.3099226545168
0.185,0.150189787436241,0,-34.0569927737683
0.186,0.151189787436241,0,-32.8274813368291
0.187,0.152189787436241,0,-31.6210645901458
0.188,0.153189787436241,0,-30.437422971612
0.189,0.154189787436241,0,-29.2762410326243
0.19,0.155189787436241,0,-28.1372073947316
0.191,0.156189787436241,0,-27.0200146836237
0.192,0.157189787436241,0,-25.9243594833126
0.193,0.158189787436241,0,-24.8499422806881
0.194,0.159189787436241,0,-23.7964674089703
0.195,0.160189787436241,0,-22.7636429992838
0.196,0.161189787436241,0,-21.7511809273469
0.197,0.162189787436241,0,-20.7587967710208
0.198,0.163189787436241,0,-19.7862097283089
0.199,0.164189787436241,0,-18.8331426313655
0.2,0.165189787436241,0,-17.8993218356329
0.201,0.166189787436241,0,-16.9844772038796
0.202,0.167189787436241,0,-16.0883420532257
0.203,0.168189787436241,0,-15.2106531091922
0.204,0.169189787436241,0,-14.3511504604455
0.205,0.170189787436241,0,-13.5095775142392
0.206,0.171189787436241,0,-12.6856809525307
0.207,0.172189787436241,0,-11.8792106887667
0.208,0.173189787436241,0,-11.089919825328
0.209,0.174189787436241,0,-10.3175646116153
0.21,0.175189787436241,0,-9.56190440277371
0.211,0.176189787436241,0,-8.82270161903782
0.212,0.177189787436241,0,-8.09972170569129
0.213,0.178189787436241,0,-7.39273309362941
0.214,0.179189787436241,0,-6.70150716051396
0.215,0.180189787436241,0,-6.02581819251234
0.216,0.181189787436241,0,-5.36544334660241
0.217,0.182189787436241,0,-4.72016261344559
0.218,0.183189787436241,0,-4.08975878081262
0.219,0.184189787436241,0,-3.47401739754966
0.22,0.185189787436241,0,-2.87272673807818
0.221,0.186189787436241,0,-2.28567776742191
0.222,0.187189787436241,0,-1.71266410674636
0.223,0.188189787436241,0,-1.1534819994067
0.224,0.189189787436241,0,-0.607930277492846
0.225,0.190189787436241,0,-0.0758103288628487
0.226,0.191189787436241,0,0.443073935345206
0.227,0.192189787436241,0,0.948916112721259
0.228,0.193189787436241,0,1.44190734113865
0.229,0.194189787436241,0,1.92223632984249
0.23,0.195189787436241,0,2.39008939010253
0.231,0.196189787436241,0,2.84565046541004
0.232,0.197189787436241,0,3.28910116125896
0.233,0.198189787436241,0,3.72062077449052
0.234,0.199189787436241,0,4.14038632222198
0.235,0.200189787436241,0,4.54857257036908
0.236,0.201189787436241,0,4.94535206176422
0.237,0.202189787436241,0,5.3308951438735
0.238,0.203189787436241,0,5.70536999613048
0.239,0.204189787436241,0,6.06894265688427
0.24,0.205189787436241,0,6.42177704996768
0.241,0.206189787436241,0,6.76403501090547
0.242,0.207189787436241,0,7.09587631274965
0.243,0.208189787436241,0,7.41745869156218
0.244,0.209189787436241,0,7.72893787154819
0.245,0.210189787436241,0,8.03046758826965
0.246,0.211189787436241,0,8.32219962092429
0.247,0.212189787436241,0,8.60428380082024
0.248,0.213189787436241,0,8.87686805078126
0.249,0.214189787436241,0,9.14009840080691
0.25,0.215189787436241,0,9.39411901278256
0.251,0.216189787436241,0,9.63907220331068
0.252,0.217189787436241,0,9.87509846624223
0.253,0.218189787436241,0,10.1023364959135
0.254,0.219189787436241,0,10.320923203022
0.255,0.220189787436241,0,10.5309937514069
0.256,0.221189787436241,0,10.7326815592051
0.257,0.222189787436241,0,10.9261183349181
0.258,0.223189787436241,0,11.1114340929951
0.259,0.224189787436241,0,11.2887571736699
0.26,0.225189787436241,0,11.458214264663
0.261,0.226189787436241,0,11.6199304223358
0.262,0.227189787436241,0,11.7740290843713
0.263,0.228189787436241,0,11.9206321028007
0.264,0.229189787436241,0,12.0598597507212
0.265,0.230189787436241,0,12.1918307422339
0.266,0.231189787436241,0,12.3166622615656
0.267,0.232189787436241,0,12.434469970752
0.268,0.233189787436241,0,12.5453680331639
0.269,0.234189787436241,0,12.6494691274561
0.27,0.235189787436241,0,12.7468844712216
0.271,0.236189787436241,0,12.837723834138
0.272,0.237189787436241,0,12.922095557442
0.273,0.238189787436241,0,13.0001065690824
0.274,0.239189787436241,0,13.0718624013964
0.275,0.240189787436241,0,13.1374672108248
0.276,0.241189787436241,0,13.1970237883068
0.277,0.242189787436241,0,13.2506335823225
0.278,0.243189787436241,0,13.2983967100465
0.279,0.244189787436241,0,13.3404119745092
0.28,0.245189787436241,0,13.3767768829898
0.281,0.246189787436241,0,13.4075876580312
0.282,0.247189787436241,0,13.4329392558284
0.283,0.248189787436241,0,13.4529253814719
0.284,0.249189787436241,0,13.4676385017354
0.285,0.250189787436241,0,13.4771698619891
0.286,0.251189787436241,0,13.4816094995449
0.287,0.252189787436241,0,13.4810462587502
0.288,0.253189787436241,0,13.4755904896683
0.289,0.254189787436241,0,13.4653618884388
0.29,0.255189787436241,0,13.450498983194
0.291,0.256189787436241,0,13.4311182447075
0.292,0.257189787436241,0,13.4073248320051
0.293,0.258189787436241,0,13.3792151344992
0.294,0.259189787436241,0,13.3468785622581
0.295,0.260189787436241,0,13.3103988808428
0.296,0.261189787436241,0,13.2698552442212
0.297,0.262189787436241,0,13.2253230076315
0.298,0.263189787436241,0,13.1768743730086
0.299,0.264189787436241,0,13.1245789070925
0.3,0.265189787436241,0,13.0685039593928
0.301,0.266189787436241,0,13.0087150016261
0.302,0.267189787436241,0,12.9452758987248
0.303,0.268189787436241,0,12.8782491327331
0.304,0.269189787436241,0,12.8076959825026
0.305,0.270189787436241,0,12.7336766733886
0.306,0.271189787436241,0,12.6562504940805
0.307,0.272189787436241,0,12.5754758942874
0.308,0.273189787436241,0,12.4914105619642
0.309,0.274189787436241,0,12.4041114893139
0.31,0.275189787436241,0,12.3136350194079
0.311,0.276189787436241,0,12.2200368884299
0.312,0.277189787436241,0,12.1233722600291
0.313,0.278189787436241,0,12.0236957455034
0.314,0.279189787436241,0,11.921061426898
0.315,0.280189787436241,0,11.815522868933
0.316,0.281189787436241,0,11.7071331311932
0.317,0.282189787436241,0,11.5959447788812
0.318,0.283189787436241,0,11.4820098813261
0.319,0.284189787436241,0,11.3653800222496
0.32,0.285189787436241,0,11.2461062978614
0.321,0.286189787436241,0,11.1242393215989
0.322,0.287189787436241,0,10.9998292152368
0.323,0.288189787436241,0,10.8729256201562
0.324,0.289189787436241,0,10.7435776852187
0.325,0.290189787436241,0,10.6118340729952
0.326,0.291189787436241,0,10.477742953409
0.327,0.292189787436241,0,10.3413520031152
0.328,0.293189787436241,0,10.2027084057481
0.329,0.294189787436241,0,10.0618588440937
0.33,0.295189787436241,0,9.9188495069375
0.331,0.296189787436241,0,9.77372608028966
0.332,0.297189787436241,0,9.62653375099196
0.333,0.298189787436241,0,9.4773172007606
0.334,0.299189787436241,0,9.32612061356033
0.335,0.300189787436241,0,9.17298766377555
0.336,0.301189787436241,0,9.0179615257787
0.337,0.302189787436241,0,8.86108486784863
0.338,0.303189787436241,0,8.70239985676133
0.339,0.304189787436241,0,8.54194815358349
0.34,0.305189787436241,0,8.37977092076951
0.341,0.306189787436241,0,8.21590881523186
0.342,0.307189787436241,0,8.05040199322982
0.343,0.308189787436241,0,7.88329011651515
0.344,0.309189787436241,0,7.71461234571555
0.345,0.310189787436241,0,7.54440734918128
0.346,0.311189787436241,0,7.37271329659122
0.347,0.312189787436241,0,7.1995678729925
0.348,0.313189787436241,0,7.02500827044607
0.349,0.314189787436241,0,6.84907119447714
0.35,0.315189787436241,0,6.6717928705332
0.351,0.316189787436241,0,6.49320903821629
0.352,0.317189787436241,0,6.31335496464683
0.353,0.318189787436241,0,6.13226543895669
0.354,0.319189787436241,45.9161392154344,5.94997477948552
0.355,0.320189787436241,44.5258875543511,5.76651683583079
0.356,0.321189787436241,43.1356358932678,5.58192499532563
0.357,0.322189787436241,41.7453842321845,5.39623218151953
0.358,0.323189787436241,40.3551325711012,5.20947085906007
0.359,0.324189787436241,38.9648809100179,5.02167304175534
0.36,0.325189787436241,37.5746292489346,4.83287028966381
0.361,0.326189787436241,36.1843775878512,4.64309371958782
0.362,0.327189787436241,34.7941259267679,4.45237400233489
0.363,0.328189787436241,33.4038742656846,4.26074137172511
0.364,0.329189787436241,32.0136226046013,4.06822562578761
0.365,0.330189787436241,30.623370943518,3.87485612994103
0.366,0.331189787436241,29.2331192824347,3.68066182561099
0.367,0.332189787436241,27.8428676213513,3.48567122838542
0.368,0.333189787436241,26.452615960268,3.28991243384464
0.369,0.334189787436241,25.0623642991847,3.09341312660492
0.37,0.335189787436241,23.6721126381014,2.89620057428899
0.371,0.336189787436241,22.2818609770181,2.69830164231896
0.372,0.337189787436241,20.8916093159348,2.4997427915969
0.373,0.338189787436241,19.5013576548515,2.30055008341039
0.374,0.339189787436241,18.1111059937681,2.10074918574198
0.375,0.340189787436241,16.7208543326848,1.90036537364542
0.376,0.341189787436241,15.3306026716015,1.69942353579634
0.377,0.342189787436241,13.9403510105182,1.49794818080002
0.378,0.343189787436241,12.5500993494349,1.2959634376796
0.379,0.344189787436241,11.1598476883516,1.0934930611086
0.38,0.345189787436241,9.76959602726825,0.890560433625547
0.381,0.346189787436241,8.37934436618494,0.687188573955178
0.382,0.347189787436241,6.98909270510162,0.483400133725377
0.383,0.348189787436241,5.5988410440183,0.279217416519964
0.384,0.349189787436241,4.20858938293499,0.0746623607713222
0.385,0.350189787436241,2.81833772185167,-0.13024343969389
0.386,0.351189787436241,1.82417608439376,-0.33547873899372
0.387,0.352189787436241,1.46375848473578,-0.541022630837892
0.388,0.353189787436241,1.1033408850778,-0.74685455165079
0.389,0.354189787436241,0.742923285419816,-0.95295426909613
0.39,0.355189787436241,0.382505685761836,-1.159301882451
0.391,0.356189787436241,0.0220880861038548,-1.36587781730734
0.392,0.357189787436241,-0.338329513554126,-1.57266282314888
0.393,0.358189787436241,-0.698747113212107,-1.77963796660194
0.394,0.359189787436241,-1.05916471287009,-1.986784630639
0.395,0.360189787436241,-1.41958231252807,-2.19408451225102
0.396,0.361189787436241,-1.77999991218605,-2.40151961037325
0.397,0.362189787436241,-2.14041751184403,-2.60907223206684
0.398,0.363189787436241,-2.50083511150201,-2.81672498378564
0.399,0.364189787436241,-2.86125271115999,-3.02446076989256
0.4,0.365189787436241,-3.22167031081797,-3.23226278468403
0.401,0.366189787436241,-3.58208791047595,-3.44011451520439
0.402,0.367189787436241,-3.94250551013393,-3.64799973017941
0.403,0.368189787436241,-4.30292310979191,-3.85590248473679
0.404,0.369189787436241,-4.6633407094499,-4.06380711348831
0.405,0.370189787436241,-5.02375830910788,-4.27169822154949
0.406,0.371189787436241,-5.38417590876586,-4.47956068750316
0.407,0.372189787436241,-5.74459350842384,-4.68737966210072
0.408,0.373189787436241,-6.10501110808182,-4.89514055364814
0.409,0.374189787436241,-6.4654287077398,-5.1028290414408
0.41,0.375189787436241,-6.82584630739778,-5.3104310550277
0.411,0.376189787436241,-7.18626390705576,-5.51793278455555
0.412,0.377189787436241,-7.54668150671374,-5.72532066377537
0.413,0.378189787436241,-7.90709910637172,-5.93258138777671
0.414,0.379189787436241,-8.2675167060297,-6.13970188313258
0.415,0.380189787436241,-8.62793430568768,-6.34666932891512
0.416,0.381189787436241,-8.98835190534566,-6.55347113368541
0.417,0.382189787436241,-9.34876950500365,-6.76009495220135
0.418,0.383189787436241,-9.50973490824212,-6.96652866587281
0.419,0.384189787436241,-9.27179591864211,-7.1727603829697
0.42,0.385189787436241,-9.03385692904209,-7.3787784408082
0.421,0.386189787436241,-8.79591793944208,-7.58457140549351
0.422,0.387189787436241,-8.55797894984207,-7.79012805564137
0.423,0.388189787436241,-8.32003996024206,-7.99543738999407
0.424,0.389189787436241,-8.08210097064205,-8.20048862459269
0.425,0.390189787436241,-7.84416198104204,-8.40527118440739
0.426,0.391189787436241,-7.60622299144202,-8.60977470575515
0.427,0.392189787436241,-7.36828400184201,-8.81398902714338
0.428,0.393189787436241,-7.130345012242,-9.01790419417555
0.429,0.394189787436241,-6.89240602264199,-9.22151044766836
0.43,0.395189787436241,-6.65446703304198,-9.42479823579422
0.431,0.396189787436241,-6.41652804344197,-9.62775819213787
0.432,0.397189787436241,-6.17858905384195,-9.83038114516123
0.433,0.398189787436241,-5.94065006424194,-10.0326581155241
0.434,0.399189787436241,-5.70271107464193,-10.2345803097278
0.435,0.400189787436241,-5.46477208504192,-10.4361391191366
0.436,0.401189787436241,-5.22683309544191,-10.6373261128478
0.437,0.402189787436241,-4.9888941058419,-10.838133046338
0.438,0.403189787436241,-4.75095511624188,-11.0385518463813
0.439,0.404189787436241,-4.51301612664187,-11.2385746175653
0.44,0.405189787436241,-4.27507713704186,-11.4381936308866
0.441,0.406189787436241,-4.03713814744185,-11.637401336988
0.442,0.407189787436241,-3.79919915784184,-11.8361903407638
0.443,0.408189787436241,-3.56126016824183,-12.0345534211083
0.444,0.409189787436241,-3.32332117864181,-12.2324835164258
0.445,0.410189787436241,-3.0853821890418,-12.4299737241124
0.446,0.411189787436241,-2.84744319944179,-12.6270173010405
0.447,0.412189787436241,-2.60950420984178,-12.8236076567891
0.448,0.413189787436241,-2.37156522024177,-13.0197383583111
0.449,0.414189787436241,-2.13362623064175,-13.2154031196057
0.45,0.415189787436241,-1.9685732909761,-13.4105958036277
0.451,0.416189787436241,-1.98904847841577,-13.6053104221064
0.452,0.417189787436241,-2.00952366585544,-13.7995411310198
0.453,0.418189787436241,-2.02999885329511,-13.9932822263738
0.454,0.419189787436241,-2.05047404073478,-14.1865281466835
0.455,0.420189787436241,-2.07094922817445,-14.3792734662886
0.456,0.421189787436241,-2.09142441561412,-14.5715129008918
0.457,0.422189787436241,-2.11189960305379,-14.7632412931793
0.458,0.423189787436241,-2.13237479049346,-14.9544536225828
0.459,0.424189787436241,-2.15284997793313,-15.1451449964631
0.46,0.425189787436241,-2.1733251653728,-15.3353106522288
0.461,0.426189787436241,-2.19380035281247,-15.5249459522485
0.462,0.427189787436241,-2.21427554025214,-15.7140463836917
0.463,0.428189787436241,-2.23475072769181,-15.9026075564679
0.464,0.429189787436241,-2.25522591513148,-16.090625198741
0.465,0.430189787436241,-2.27570110257115,-16.2780951633638
0.466,0.431189787436241,-2.29617629001083,-16.4650134131323
0.467,0.432189787436241,-2.3166514774505,-16.6513760301748
0.468,0.433189787436241,-2.33712666489017,-16.8371792098523
0.469,0.434189787436241,-2.35760185232984,-17.0224192550383
0.47,0.435189787436241,-2.37807703976951,-17.2070925868422
0.471,0.436189787436241,-2.39855222720918,-17.3911957278887
0.472,0.437189787436241,-2.41902741464885,-17.5747253075305
0.473,0.438189787436241,-2.43950260208852,-17.7576780646679
0.474,0.439189787436241,-2.45997778952819,-17.9400508367075
0.475,0.440189787436241,-2.48045297696786,-18.1218405651541
0.476,0.441189787436241,-2.50092816440753,-18.303044291584
0.477,0.442189787436241,-2.5214033518472,-18.4836591546952
0.478,0.443189787436241,-2.54187853928687,-18.6636823908789
0.479,0.444189787436241,-2.56235372672654,-18.8431113330434
0.48,0.445189787436241,-2.58282891416621,-19.0219434069556
0.481,0.446189787436241,-2.60330410160588,-19.1946153713625
0.482,0.447189787436241,-2.10044303040874,-19.3187063755235
0.483,0.448189787436241,0.146872236240915,-19.2743063309895
0.484,0.449189787436241,2.39418750289057,-18.8750645050361
0.485,0.450189787436241,4.64150276954023,-17.8867008985826
0.486,0.451189787436241,6.88881803618989,-16.0492484110002
0.487,0.452189787436241,9.13613330283954,-13.0969853703266
0.488,0.453189787436241,11.3834485694892,-8.77810171976282
0.489,0.454189787436241,13.6307638361389,-2.87284385423297
0.49,0.455189787436241,15.8780791027885,4.79142655602984
0.491,0.456189787436241,18.1253943694382,14.3298378199102
0.492,0.457189787436241,20.3727096360878,25.7952906166822
0.493,0.458189787436241,22.6200249027375,39.1796103834029
0.494,0.459189787436241,24.8673401693871,54.4198136910195
0.495,0.460189787436241,27.1146554360368,71.4080406104715
0.496,0.461189787436241,29.3619707026865,90.0033566372593
0.497,0.462189787436241,31.6092859693361,110.043801135352
0.498,0.463189787436241,33.8566012359858,131.357411531792
0.499,0.464189787436241,36.1039165026354,153.771439282448
0.5,0.465189787436241,38.351231769285,177.119442452263
0.501,0.466189787436241,40.5985470359346,201.246242982732
0.502,0.467189787436241,42.8458623025843,226.010943542434
0.503,0.468189787436241,45.0931775692339,251.288329839191
0.504,0.469189787436241,47.3404928358836,276.969039515215
0.505,0.470189787436241,49.5878081025332,302.958888628007
0.506,0.471189787436241,51.8351233691829,329.177685327493
0.507,0.472189787436241,54.0824386358326,355.557792791752
0.508,0.473189787436241,56.3297539024822,382.042624798537
0.509,0.474189787436241,58.5770691691319,408.585194801445
0.51,0.475189787436241,60.8243844357815,435.146784038793
0.511,0.476189787436241,63.0716997024312,461.695752224093
0.512,0.477189787436241,65.3190149690808,488.20650032088
0.513,0.478189787436241,67.5663302357305,514.658573265841
0.514,0.479189787436241,70.6160182942193,541.035889112382
0.515,0.480189787436241,77.3336962582516,567.326077572427
0.516,0.481189787436241,84.0513742222838,593.519910285519
0.517,0.482189787436241,90.7690521863161,619.610808830526
0.518,0.483189787436241,97.4867301503484,645.594417404298
0.519,0.484189787436241,104.204408114381,671.468230711409
0.52,0.485189787436241,110.922086078413,697.231267551524
0.521,0.486189787436241,117.639764042445,722.883785834903
0.522,0.487189787436241,124.357442006477,748.4270315915
0.523,0.488189787436241,131.07511997051,773.863020350367
0.524,0.489189787436241,137.792797934542,799.194346517054
0.525,0.490189787436241,144.510475898574,824.424017476325
0.526,0.491189787436241,151.228153862606,849.555312577121
0.527,0.492189787436241,157.945831826639,874.591662645717
0.528,0.493189787436241,164.663509790671,899.536548949165
0.529,0.494189787436241,171.381187754703,924.393420232765
0.53,0.495189787436241,178.098865718736,949.165626100486
0.531,0.496189787436241,184.816543682768,973.85636435775
0.532,0.497189787436241,191.5342216468,998.468641332273
0.533,0.498189787436241,198.251899610832,1023.00524309234
0.534,0.499189787436241,204.969577574865,1047.46871664626
0.535,0.500189787436241,211.687255538897,1071.86135906587
0.536,0.501189787436241,218.404933502929,1096.18521449626
0.537,0.502189787436241,225.122611466961,1120.44207615745
0.538,0.503189787436241,231.840289430994,1144.63349240751
0.539,0.504189787436241,238.557967395026,1168.76077748283
0.54,0.505189787436241,245.275645359058,1192.82502489868
0.541,0.506189787436241,251.99332332309,1216.82712255085
0.542,0.507189787436241,258.711001287123,1240.76776812434
0.543,0.508189787436241,265.428679251155,1264.6474869112
0.544,0.509189787436241,272.146357215187,1288.46664938222
0.545,0.510189787436241,278.86403517922,1312.22548811964
0.546,0.511189787436241,286.424774110304,1335.92411487951
0.547,0.512189787436241,299.71832761733,1359.56253619193
0.548,0.513189787436241,313.011881124357,1383.14066904025
0.549,0.514189787436241,326.305434631383,1406.658355642
0.55,0.515189787436241,339.598988138409,1430.11537610047
0.551,0.516189787436241,352.892541645435,1453.51146096484
0.552,0.517189787436241,366.186095152461,1476.84630210495
0.553,0.518189787436241,379.479648659487,1500.1195620707
0.554,0.519189787436241,392.773202166514,1523.33088289919
0.555,0.520189787436241,406.06675567354,1546.47989374198
0.556,0.521189787436241,419.360309180566,1569.56621793384
0.557,0.522189787436241,432.653862687592,1592.58947840126
0.558,0.523189787436241,445.947416194618,1615.54930187731
0.559,0.524189787436241,459.240969701644,1638.44532283408
0.56,0.525189787436241,472.53452320867,1661.27718741317
0.561,0.526189787436241,485.828076715697,1684.04455518043
0.562,0.527189787436241,499.121630222723,1706.7471012716
0.563,0.528189787436241,512.415183729749,1729.38451751384
0.564,0.529189787436241,525.708737236775,1751.95651343863
0.565,0.530189787436241,539.002290743801,1774.46281691289
0.566,0.531189787436241,552.295844250827,1796.90317418278
0.567,0.532189787436241,565.589397757853,1819.27735027688
0.568,0.533189787436241,578.88295126488,1841.58512772947
0.569,0.534189787436241,592.176504771906,1863.82630614986
0.57,0.535189787436241,605.470058278932,1886.00070188061
0.571,0.536189787436241,618.763611785958,1908.1081465889
0.572,0.537189787436241,632.057165292984,1930.14848698908
0.573,0.538189787436241,645.35071880001,1952.12158321275
0.574,0.539189787436241,658.644272307037,1974.02730814489
0.575,0.540189787436241,671.937825814063,1995.86554629121
0.576,0.541189787436241,685.231379321089,2017.63619230494
0.577,0.542189787436241,698.524932828115,2039.33915025176
0.578,0.543189787436241,712.500444081188,2060.9743321322
0.579,0.544189787436241,734.659448286784,2082.54165767375
0.58,0.545189787436241,756.818452492379,2104.04105287747
0.581,0.546189787436241,778.977456697975,2125.47244890529
0.582,0.547189787436241,801.136460903571,2146.83578111661
0.583,0.548189787436241,823.295465109167,2168.13098879839
0.584,0.549189787436241,845.454469314762,2189.35801422989
0.585,0.550189787436241,867.613473520358,2210.51680147862
0.586,0.551189787436241,889.772477725954,2231.60729602836
0.587,0.552189787436241,911.931481931549,2252.62944374832
0.588,0.553189787436241,934.090486137145,2273.58319039723
0.589,0.554189787436241,956.249490342741,2294.46848133097
0.59,0.555189787436241,978.408494548336,2315.28526027095
0.591,0.556189787436241,1000.56749875393,2336.03346945903
0.592,0.557189787436241,1022.72650295953,2356.71304937802
0.593,0.558189787436241,1044.88550716512,2377.3239372524
0.594,0.559189787436241,1067.04451137072,2397.86606789399
0.595,0.560189787436241,1089.20351557631,2418.33937253629
0.596,0.561189787436241,1111.36251978191,2438.74377865526
0.597,0.562189787436241,1133.52152398751,2459.07920934722
0.598,0.563189787436241,1155.6805281931,2479.34558328694
0.599,0.564189787436241,1177.8395323987,2499.54281397223
0.6,0.565189787436241,1199.99853660429,2519.67080953768
0.601,0.566189787436241,1222.15754080989,2539.72947276522
0.602,0.567189787436241,1244.31654501548,2559.71870005824
0.603,0.568189787436241,1266.47554922108,2579.63838196188
0.604,0.569189787436241,1288.63455342668,2599.48840220874
0.605,0.570189787436241,1310.79355763227,2619.26863806432
0.606,0.571189787436241,1332.95256183787,2638.97895922626
0.607,0.572189787436241,1355.11156604346,2658.61922802423
0.608,0.573189787436241,1377.27057024906,2678.18929911567
0.609,0.574189787436241,1399.42957445465,2697.68901879746
0.61,0.575189787436241,1421.74251840244,2717.11822522925
0.611,0.576189787436241,1449.90517255322,2736.47674787102
0.612,0.577189787436241,1478.067826704,2755.76440659121
0.613,0.578189787436241,1506.23048085479,2774.98101170739
0.614,0.579189787436241,1534.39313500557,2794.12636418805
0.615,0.580189787436241,1562.55578915636,2813.20025476789
0.616,0.581189787436241,1590.71844330714,2832.2024627462
0.617,0.582189787436241,1618.88109745792,2851.13275682106
0.618,0.583189787436241,1647.04375160871,2869.99089426528
0.619,0.584189787436241,1675.20640575949,2888.77662048668
0.62,0.585189787436241,1703.36905991027,2907.48966882445
0.621,0.586189787436241,1731.53171406106,2926.12976027693
0.622,0.587189787436241,1759.69436821184,2944.69660208503
0.623,0.588189787436241,1787.85702236263,2963.18988820195
0.624,0.589189787436241,1816.01967651341,2981.60929805663
0.625,0.590189787436241,1844.18233066419,2999.95449684613
0.626,0.591189787436241,1872.34498481498,3018.22513521618
0.627,0.592189787436241,1900.50763896576,3036.42084852941
0.628,0.593189787436241,1928.67029311655,3054.54125612521
0.629,0.594189787436241,1956.83294726733,3072.58596053824
0.63,0.595189787436241,1984.99560141811,3090.55454784784
0.631,0.596189787436241,2013.1582555689,3108.44658589481
0.632,0.597189787436241,2041.32090971968,3126.26162421703
0.633,0.598189787436241,2069.48356387046,3143.99919454431
0.634,0.599189787436241,2097.64621802125,3161.65880989822
0.635,0.600189787436241,2125.80887217203,3179.23996335116
0.636,0.601189787436241,2153.97152632282,3196.74212683858
0.637,0.602189787436241,2182.1341804736,3214.16475121253
0.638,0.603189787436241,2210.29683462438,3231.50726650156
0.639,0.604189787436241,2238.45948877517,3248.76908074058
0.64,0.605189787436241,2266.62214292595,3265.94957846309
0.641,0.606189787436241,2294.78479707673,3283.04812055556
0.642,0.607189787436241,2322.94745122752,3300.06404436807
0.643,0.608189787436241,2349.35016831882,3316.99666235175
0.644,0.609189787436241,2375.70657127698,3333.84526037302
0.645,0.610189787436241,2402.06297423514,3350.60909748684
0.646,0.611189787436241,2428.4193771933,3367.28740599147
0.647,0.612189787436241,2454.77578015146,3383.87939130884
0.648,0.613189787436241,2481.13218310962,3400.38423034221
0.649,0.614189787436241,2507.48858606777,3416.80107093321
0.65,0.615189787436241,2533.84498902593,3433.12903026197
0.651,0.616189787436241,2560.20139198409,3449.36719437399
0.652,0.617189787436241,2586.55779494225,3465.51461805574
0.653,0.618189787436241,2612.91419790041,3481.57032311681
0.654,0.619189787436241,2639.27060085857,3497.53329934819
0.655,0.620189787436241,2665.62700381673,3513.40250300891
0.656,0.621189787436241,2691.98340677489,3529.17685454354
0.657,0.622189787436241,2718.33980973305,3544.85523962789
0.658,0.623189787436241,2744.6962126912,3560.43650766068
0.659,0.624189787436241,2771.05261564936,3575.91946944023
0.66,0.625189787436241,2797.40901860752,3591.30289833863
0.661,0.626189787436241,2823.76542156568,3606.58552882166
0.662,0.627189787436241,2850.12182452384,3621.76605578497
0.663,0.628189787436241,2876.478227482,3636.84313432908
0.664,0.629189787436241,2902.83463044016,3651.81537779758
0.665,0.630189787436241,2929.19103339832,3666.68135714538
0.666,0.631189787436241,2955.54743635648,3681.43960103704
0.667,0.632189787436241,2981.90383931463,3696.08859563228
0.668,0.633189787436241,3008.26024227279,3710.6267825583
0.669,0.634189787436241,3034.61664523095,3725.05255847415
0.67,0.635189787436241,3060.97304818911,3739.36427521638
0.671,0.636189787436241,3087.32945114727,3753.5602397785
0.672,0.637189787436241,3113.68585410543,3767.6387123315
0.673,0.638189787436241,3140.04225706359,3781.59790585524
0.674,0.639189787436241,3166.39866002175,3795.435984428
0.675,0.640189787436241,3186.59199207923,3809.15106327204
0.676,0.641189787436241,3206.271734895,3822.74120942948
0.677,0.642189787436241,3225.95147771077,3836.20444222976
0.678,0.643189787436241,3245.63122052654,3849.53873163942
0.679,0.644189787436241,3265.31096334231,3862.74199836743
0.68,0.645189787436241,3284.99070615808,3875.81211253198
0.681,0.646189787436241,3304.67044897385,3888.74689410387
0.682,0.647189787436241,3324.35019178961,3901.5441120442
0.683,0.648189787436241,3344.02993460538,3914.20148728671
0.684,0.649189787436241,3363.70967742115,3926.71669003453
0.685,0.650189787436241,3383.38942023692,3939.0873423701
0.686,0.651189787436241,3403.06916305269,3951.31101584376
0.687,0.652189787436241,3422.74890586846,3963.38523450074
0.688000000000001,0.653189787436241,3442.42864868423,3975.30747274518
0.689000000000001,0.654189787436241,3462.1083915,3987.07515877713
0.690000000000001,0.655189787436241,3481.78813431576,3998.68567272952
0.691000000000001,0.656189787436241,3501.46787713153,4010.13635051959
0.692000000000001,0.657189787436241,3521.1476199473,4021.42448196169
0.693000000000001,0.658189787436241,3540.82736276307,4032.54731283037
0.694000000000001,0.659189787436241,3560.50710557884,4043.50204830579
0.695000000000001,0.660189787436241,3580.18684839461,4054.28585339176
0.696000000000001,0.661189787436241,3599.86659121038,4064.89585285741
0.697000000000001,0.662189787436241,3619.54633402614,4075.32913197802
0.698000000000001,0.663189787436241,3639.22607684191,4085.5827403627
0.699000000000001,0.664189787436241,3658.90581965768,4095.65369386611
0.700000000000001,0.665189787436241,3678.58556247345,4105.53897827621
0.701000000000001,0.666189787436241,3698.26530528922,4115.2355482717
0.702000000000001,0.667189787436241,3717.94504810499,4124.74033146119
0.703000000000001,0.668189787436241,3737.62479092076,4134.05023138974
0.704000000000001,0.669189787436241,3757.30453373652,4143.16213230074
0.705000000000001,0.670189787436241,3776.98427655229,4152.0728989059
0.706000000000001,0.671189787436241,3796.66401936806,4160.77938148752
0.707000000000001,0.672189787436241,3810.57167868442,4169.27841933454
0.708000000000001,0.673189787436241,3823.63050219204,4177.56684347363
0.709000000000001,0.674189787436241,3836.68932569966,4185.64147975755
0.710000000000001,0.675189787436241,3849.74814920728,4193.49915228038
0.711000000000001,0.676189787436241,3862.8069727149,4201.13668709349
0.712000000000001,0.677189787436241,3875.86579622252,4208.5509168572
0.713000000000001,0.678189787436241,3888.92461973014,4215.73868823665
0.714000000000001,0.679189787436241,3901.98344323776,4222.69686293939
0.715000000000001,0.680189787436241,3915.04226674539,4229.42232137192
0.716000000000001,0.681189787436241,3928.10109025301,4235.9119676732
0.717000000000001,0.682189787436241,3941.15991376063,4242.1627349162
0.718000000000001,0.683189787436241,3954.21873726825,4248.1715904656
0.719000000000001,0.684189787436241,3967.27756077587,4253.9355406505
0.720000000000001,0.685189787436241,3980.33638428349,4259.45163305601
0.721000000000001,0.686189787436241,3993.39520779111,4264.71696523528
0.722000000000001,0.687189787436241,4006.45403129874,4269.72868735862
0.723000000000001,0.688189787436241,4019.51285480636,4274.48400763646
0.724000000000001,0.689189787436241,4032.57167831398,4278.98019894315
0.725000000000001,0.690189787436241,4045.6305018216,4283.21460440878
0.726000000000001,0.691189787436241,4058.68932532922,4287.18463944062
0.727000000000001,0.692189787436241,4071.74814883684,4290.88779781306
0.728000000000001,0.693189787436241,4084.80697234446,4294.32165779277
0.729000000000001,0.694189787436241,4097.86579585208,4297.48388447406
0.730000000000001,0.695189787436241,4110.92461935971,4300.37223622241
0.731000000000001,0.696189787436241,4123.98344286733,4302.98457096571
0.732000000000001,0.697189787436241,4137.04226637495,4305.3188484727
0.733000000000001,0.698189787436241,4150.10108988257,4307.37313565045
0.734000000000001,0.699189787436241,4163.15991339019,4309.14560897241
0.735000000000001,0.700189787436241,4176.21873689781,4310.63456114393
0.736000000000001,0.701189787436241,4189.27756040543,4311.83840592392
0.737000000000001,0.702189787436241,4202.33638391305,4312.75567623917
0.738000000000001,0.703189787436241,4215.39520742068,4313.38503375249
0.739000000000001,0.704189787436241,4221.9392209279,4313.72527039891
0.740000000000001,0.705189787436241,4227.05811974754,4313.77530897354
0.741000000000001,0.706189787436241,4232.17701856718,4313.53420790565
0.742000000000001,0.707189787436241,4237.29591738683,4313.00493964182
0.743000000000001,0.708189787436241,4242.41481620647,4312.19044936808
0.744000000000001,0.709189787436241,4247.53371502611,4311.09297162906
0.745000000000001,0.710189787436241,4252.65261384575,4309.71415756175
0.746000000000001,0.711189787436241,4257.77151266539,4308.05521158759
0.747000000000001,0.712189787436241,4262.89041148504,4306.11699476553
0.748000000000001,0.713189787436241,4268.00931030468,4303.90010109486
0.749000000000001,0.714189787436241,4273.12820912432,4301.40491801466
0.750000000000001,0.715189787436241,4278.24710794396,4298.63167667812
0.751000000000001,0.716189787436241,4283.3660067636,4295.58048479093
0.752000000000001,0.717189787436241,4288.48490558325,4292.25136013829
0.753000000000001,0.718189787436241,4293.60380440289,4288.64425369417
0.754000000000001,0.719189787436241,4298.72270322253,4284.75906833693
0.755000000000001,0.720189787436241,4303.84160204217,4280.59567566761
0.756000000000001,0.721189787436241,4308.96050086181,4276.15392176069
0.757000000000001,0.722189787436241,4314.07939968146,4271.43363689801
0.758000000000001,0.723189787436241,4319.1982985011,4266.43463677302
0.759000000000001,0.724189787436241,4324.31719732074,4261.15673065214
0.760000000000001,0.725189787436241,4329.43609614038,4255.59972343239
0.761000000000001,0.726189787436241,4334.55499496002,4249.76341503737
0.762000000000001,0.727189787436241,4339.67389377967,4243.64759676468
0.763000000000001,0.728189787436241,4344.79279259931,4237.25204522754
0.764000000000001,0.729189787436241,4349.91169141895,4230.57652627263
0.765000000000001,0.730189787436241,4355.03059023859,4223.62079336986
0.766000000000001,0.731189787436241,4360.14948905823,4216.38458405402
0.767000000000001,0.732189787436241,4365.26838787788,4208.86761379165
0.768000000000001,0.733189787436241,4370.38728669752,4201.0695681717
0.769000000000001,0.734189787436241,4375.50618551716,4192.99010342004
0.770000000000001,0.735189787436241,4380.6250843368,4184.62884001629
0.771000000000001,0.736189787436241,4376.7029298495,4175.98536313114
0.772000000000001,0.737189787436241,4370.06845937012,4167.05921366406
0.773000000000001,0.738189787436241,4363.43398889074,4157.84986880252
0.774000000000001,0.739189787436241,4356.79951841136,4148.35669679104
0.775000000000001,0.740189787436241,4350.16504793198,4138.57894745224
0.776000000000001,0.741189787436241,4343.5305774526,4128.51575144669
0.777000000000001,0.742189787436241,4336.89610697322,4118.16611941126
0.778000000000001,0.743189787436241,4330.26163649384,4107.5289411318
0.779000000000001,0.744189787436241,4323.62716601446,4096.60298486775
0.780000000000001,0.745189787436241,4316.99269553509,4085.38689691376
0.781000000000001,0.746189787436241,4310.35822505571,4073.87920146491
0.782000000000001,0.747189787436241,4303.72375457633,4062.07830083747
0.783000000000001,0.748189787436241,4297.08928409695,4049.98247608714
0.784000000000001,0.749189787436241,4290.45481361757,4037.58988805939
0.785000000000001,0.750189787436241,4283.82034313819,4024.89857890126
0.786000000000001,0.751189787436241,4277.18587265881,4011.9064740597
0.787000000000001,0.752189787436241,4270.55140217943,3998.6113847885
0.788000000000001,0.753189787436241,4263.91693170005,3985.01101118323
0.789000000000001,0.754189787436241,4257.28246122067,3971.10301257126
0.790000000000001,0.755189787436241,4250.64799074129,3956.88516378473
0.791000000000001,0.756189787436241,4244.01352026191,3942.35535117567
0.792000000000001,0.757189787436241,4237.37904978254,3927.51154104163
0.793000000000001,0.758189787436241,4230.74457930316,3912.35175662381
0.794000000000001,0.759189787436241,4224.11010882378,3896.87406198041
0.795000000000001,0.760189787436241,4217.4756383444,3881.07655144924
0.796000000000001,0.761189787436241,4210.84116786502,3864.95734370727
0.797000000000001,0.762189787436241,4204.20669738564,3848.51457964901
0.798000000000001,0.763189787436241,4197.57222690626,3831.74642346233
0.799000000000001,0.764189787436241,4190.93775642688,3814.65106639799
0.800000000000001,0.765189787436241,4184.3032859475,3797.22673281726
0.801000000000001,0.766189787436241,4177.66881546812,3779.47168816909
0.802000000000001,0.767189787436241,4171.03434498875,3761.38424859997
0.803000000000001,0.768189787436241,4156.48116484475,3742.96279193921
0.804000000000001,0.769189787436241,4138.81706304681,3724.20581080809
0.805000000000001,0.770189787436241,4121.15296124887,3705.11201094455
0.806000000000001,0.771189787436241,4103.48885945093,3685.6803193776
0.807000000000001,0.772189787436241,4085.82475765299,3665.90987913152
0.808000000000001,0.773189787436241,4068.16065585504,3645.8000486292
0.809000000000001,0.774189787436241,4050.4965540571,3625.35040498017
0.810000000000001,0.775189787436241,4032.83245225916,3604.56075014085
0.811000000000001,0.776189787436241,4015.16835046122,3583.43111925268
0.812000000000001,0.777189787436241,3997.50424866328,3561.96179058709
0.813000000000001,0.778189787436241,3979.84014686534,3540.15329663179
0.814000000000001,0.779189787436241,3962.1760450674,3518.00643593507
0.815000000000001,0.780189787436241,3944.51194326946,3495.52228538974
0.816000000000001,0.781189787436241,3926.84784147151,3472.70221269083
0.817000000000001,0.782189787436241,3909.18373967357,3449.5478887444
0.818000000000001,0.783189787436241,3891.51963787563,3426.06129984097
0.819000000000001,0.784189787436241,3873.85553607769,3402.24480918169
0.820000000000001,0.785189787436241,3856.19143427975,3378.10126361921
0.821000000000001,0.786189787436241,3838.52733248181,3353.63399750464
0.822000000000001,0.787189787436241,3820.86323068387,3328.84682089675
0.823000000000001,0.788189787436241,3803.19912888593,3303.744011804
0.824000000000001,0.789189787436241,3785.53502708798,3278.33031122456
0.825000000000001,0.790189787436241,3767.87092529004,3252.61092003686
0.826000000000001,0.791189787436241,3750.2068234921,3226.59149704045
0.827000000000001,0.792189787436241,3732.54272169416,3200.27815752348
0.828000000000001,0.793189787436241,3714.87861989622,3173.67747200078
0.829000000000001,0.794189787436241,3697.21451809828,3146.79646468535
0.830000000000001,0.795189787436241,3679.55041630034,3119.64261145377
0.831000000000001,0.796189787436241,3661.88631450239,3092.22383705748
0.832000000000001,0.797189787436241,3644.22221270445,3064.54851139078
0.833000000000001,0.798189787436241,3626.55811090651,3036.62544465756
0.834000000000001,0.799189787436241,3608.89400910857,3008.46388130642
0.835000000000001,0.800189787436241,3588.27459433718,2980.07349262587
0.836000000000001,0.801189787436241,3566.17752307907,2951.46436791098
0.837000000000001,0.802189787436241,3544.08045182096,2922.64700412898
0.838000000000001,0.803189787436241,3521.98338056285,2893.63229402634
0.839000000000001,0.804189787436241,3499.88630930474,2864.43151263326
0.840000000000001,0.805189787436241,3477.78923804663,2835.05630213417
0.841000000000001,0.806189787436241,3455.69216678853,2805.51865508489
0.842000000000001,0.807189787436241,3433.59509553042,2775.83089596939
0.843000000000001,0.808189787436241,3411.49802427231,2746.00566110091
0.844000000000001,0.809189787436241,3389.4009530142,2716.055876885
0.845000000000001,0.810189787436241,3367.30388175609,2685.99473647506
0.846000000000001,0.811189787436241,3345.20681049798,2655.83567486441
0.847000000000001,0.812189787436241,3323.10973923987,2625.59234247366
0.848000000000001,0.813189787436241,3301.01266798176,2595.27857730708
0.849000000000001,0.814189787436241,3278.91559672365,2564.90837576754
0.850000000000001,0.815189787436241,3256.81852546554,2534.49586223564
0.851000000000001,0.816189787436241,3234.72145420743,2504.05525753526
0.852000000000001,0.817189787436241,3212.62438294932,2473.60084642411
0.853000000000001,0.818189787436241,3190.52731169121,2443.14694426358
0.854000000000001,0.819189787436241,3168.4302404331,2412.70786303779
0.855000000000001,0.820189787436241,3146.33316917499,2382.29787690515
0.856000000000001,0.821189787436241,3124.23609791688,2351.93118746096
0.857000000000001,0.822189787436241,3102.13902665877,2321.62188904047
0.858000000000001,0.823189787436241,3080.04195540067,2291.38393390556
0.859000000000001,0.824189787436241,3057.94488414256,2261.23109815473
0.860000000000001,0.825189787436241,3035.84781288445,2231.17694795633
0.861000000000001,0.826189787436241,3013.75074162634,2201.23480670059
0.862000000000001,0.827189787436241,2991.65367036823,2171.41772316304
0.863000000000001,0.828189787436241,2969.55659911012,2141.73844090777
0.864000000000001,0.829189787436241,2947.45952785201,2112.20936913172
0.865000000000001,0.830189787436241,2925.3624565939,2082.84255513792
0.866000000000001,0.831189787436241,2903.26538533579,2053.64965861061
0.867000000000001,0.832189787436241,2881.83640119434,2024.64192783466
0.868000000000001,0.833189787436241,2860.82497150081,1995.8301780833
0.869000000000001,0.834189787436241,2839.81354180728,1967.22477202161
0.870000000000001,0.835189787436241,2818.80211211375,1938.8356026501
0.871000000000001,0.836189787436241,2797.79068242022,1910.67207849779
0.872000000000001,0.837189787436241,2776.77925272669,1882.74311111339
0.873000000000001,0.838189787436241,2755.76782303316,1855.05710522718
0.874000000000001,0.839189787436241,2734.75639333963,1827.62195115074
0.875000000000001,0.840189787436241,2713.7449636461,1800.44501965593
0.876000000000001,0.841189787436241,2692.73353395257,1773.53315919748
0.877000000000001,0.842189787436241,2671.72210425903,1746.89269542132
0.878000000000001,0.843189787436241,2650.7106745655,1720.52943290306
0.879000000000001,0.844189787436241,2629.69924487197,1694.44865892842
0.880000000000001,0.845189787436241,2608.68781517844,1668.65514934749
0.881000000000001,0.846189787436241,2587.67638548491,1643.15317621832
0.882000000000001,0.847189787436241,2566.66495579138,1617.9465467805
0.883000000000001,0.848189787436241,2545.65352609785,1593.03866716573
0.884000000000001,0.849189787436241,2524.64209640432,1568.43254622768
0.885000000000001,0.850189787436241,2503.63066671079,1544.13079215988
0.886000000000001,0.851189787436241,2482.61923701726,1520.13561328177
0.887000000000001,0.852189787436241,2461.60780732373,1496.44882224797
0.888000000000001,0.853189787436241,2440.59637763019,1473.07184303586
0.889000000000001,0.854189787436241,2419.58494793666,1450.00572018481
0.890000000000001,0.855189787436241,2398.57351824313,1427.25107989993
0.891000000000001,0.856189787436241,2377.5620885496,1404.80812770738
0.892000000000001,0.857189787436241,2356.55065885607,1382.67682008171
0.893000000000001,0.858189787436241,2335.53922916254,1360.85688540183
0.894000000000001,0.859189787436241,2314.52779946901,1339.34781699641
0.895000000000001,0.860189787436241,2293.51636977548,1318.14887017772
0.896000000000001,0.861189787436241,2272.50494008195,1297.25906398984
0.897000000000001,0.862189787436241,2251.49351038842,1276.67718519566
0.898000000000001,0.863189787436241,2230.48208069488,1256.40179477506
0.899000000000001,0.864189787436241,2211.12609019325,1236.43123607554
0.900000000000001,0.865189787436241,2193.04930270352,1216.76364423807
0.901000000000001,0.866189787436241,2174.97251521379,1197.39695656096
0.902000000000001,0.867189787436241,2156.89572772407,1178.32892353019
0.903000000000001,0.868189787436241,2138.81894023434,1159.55712029492
0.904000000000001,0.869189787436241,2120.74215274462,1141.07895840741
0.905000000000001,0.870189787436241,2102.66536525489,1122.89169767834
0.906000000000001,0.871189787436241,2084.58857776516,1104.9924580244
0.907000000000001,0.872189787436241,2066.51179027544,1087.37823120685
0.908000000000001,0.873189787436241,2048.43500278571,1070.04589238428
0.909000000000001,0.874189787436241,2030.35821529599,1052.99221136274
0.910000000000001,0.875189787436241,2012.28142780626,1036.21386363337
0.911000000000001,0.876189787436241,1994.20464031653,1019.70744090957
0.912000000000001,0.877189787436241,1976.12785282681,1003.46946137273
0.913000000000001,0.878189787436241,1958.05106533708,987.496379453099
0.914000000000001,0.879189787436241,1939.97427784736,971.784595175081
0.915000000000001,0.880189787436241,1921.89749035763,956.330463046659
0.916000000000001,0.881189787436241,1903.82070286791,941.13030048488
0.917000000000001,0.882189787436241,1885.74391537818,926.180395774005
0.918000000000001,0.883189787436241,1867.66712788845,911.477015543165
0.919000000000001,0.884189787436241,1849.59034039873,897.016411864674
0.920000000000001,0.885189787436241,1831.513552909,882.794828687822
0.921000000000001,0.886189787436241,1813.43676541928,868.808508105824
0.922000000000001,0.887189787436241,1795.35997792955,855.053695977787
0.923000000000001,0.888189787436241,1777.28319043982,841.526647206435
0.924000000000001,0.889189787436241,1759.2064029501,828.223630636638
0.925000000000001,0.890189787436241,1741.12961546037,815.140933449736
0.926000000000001,0.891189787436241,1723.05282797065,802.274865354362
0.927000000000001,0.892189787436241,1704.97604048092,789.621762275495
0.928000000000001,0.893189787436241,1686.89925299119,777.177989713999
0.929000000000001,0.894189787436241,1668.82246550147,764.939945898787
0.930000000000001,0.895189787436241,1650.74567801174,752.904064501751
0.931000000000001,0.896189787436241,1634.49558529306,741.066817127556
0.932000000000001,0.897189787436241,1619.98085260685,729.424715501875
0.933000000000001,0.898189787436241,1605.46611992065,717.974313466056
0.934000000000001,0.899189787436241,1590.95138723445,706.712208610871
0.935000000000001,0.900189787436241,1576.43665454825,695.635043828718
0.936000000000001,0.901189787436241,1561.92192186205,684.739508540539
0.937000000000001,0.902189787436241,1547.40718917584,674.022339819432
0.938000000000001,0.903189787436241,1532.89245648964,663.480323257526
0.939000000000001,0.904189787436241,1518.37772380344,653.110293712467
0.940000000000001,0.905189787436241,1503.86299111724,642.909135886568
0.941000000000001,0.906189787436241,1489.34825843104,632.873784766661
0.942000000000001,0.907189787436241,1474.83352574483,623.001225935638
0.943000000000001,0.908189787436241,1460.31879305863,613.288495751862
0.944000000000001,0.909189787436241,1445.80406037243,603.732681432757
0.945000000000001,0.910189787436241,1431.28932768623,594.330921036202
0.946000000000001,0.911189787436241,1416.77459500002,585.080403347483
0.947000000000001,0.912189787436241,1402.25986231382,575.978367686648
0.948000000000001,0.913189787436241,1387.74512962762,567.022103637666
0.949000000000001,0.914189787436241,1373.23039694142,558.2089507321
0.950000000000001,0.915189787436241,1358.71566425522,549.536298012688
0.951000000000001,0.916189787436241,1344.20093156901,541.001583654981
0.952000000000001,0.917189787436241,1329.68619888281,532.602294387157
0.953000000000001,0.918189787436241,1315.17146619661,524.335965023454
0.954000000000001,0.919189787436241,1300.65673351041,516.200177856134
0.955000000000001,0.920189787436241,1286.14200082421,508.192562066403
0.956000000000001,0.921189787436241,1271.627268138,500.310793034971
0.957000000000001,0.922189787436241,1257.1125354518,492.552591793064
0.958000000000001,0.923189787436241,1242.5978027656,484.915724232988
0.959000000000001,0.924189787436241,1228.0830700794,477.398000458565
0.960000000000001,0.925189787436241,1213.56833739319,469.997274098999
0.961000000000001,0.926189787436241,1199.05360470699,462.711441541896
0.962000000000001,0.927189787436241,1184.53887202079,455.538441216097
0.963000000000001,0.928189787436241,1171.43154609325,448.476252842561
0.964000000000001,0.929189787436241,1159.96619471748,441.522896789857
0.965000000000001,0.930189787436241,1148.50084334171,434.676433171361
0.966000000000001,0.931189787436241,1137.03549196594,427.934961225275
0.967000000000001,0.932189787436241,1125.57014059017,421.296618524198
0.968000000000001,0.933189787436241,1114.1047892144,414.759580243064
0.969000000000001,0.934189787436241,1102.63943783863,408.322058422926
0.970000000000001,0.935189787436241,1091.17408646286,401.982301238592
0.971000000000001,0.936189787436241,1079.70873508709,395.738592277897
0.972000000000001,0.937189787436241,1068.24338371132,389.589249812945
0.973000000000001,0.938189787436241,1056.77803233555,383.532626098649
0.974000000000001,0.939189787436241,1045.31268095978,377.567106664443
0.975000000000001,0.940189787436241,1033.84732958401,371.691109620828
0.976000000000001,0.941189787436241,1022.38197820824,365.903084974185
0.977000000000001,0.942189787436241,1010.91662683247,360.201513951348
0.978000000000001,0.943189787436241,999.451275456699,354.584908334305
0.979000000000001,0.944189787436241,987.985924080929,349.051809805347
0.980000000000001,0.945189787436241,976.520572705159,343.600789302952
0.981000000000001,0.946189787436241,965.055221329388,338.230446388591
0.982000000000001,0.947189787436241,953.589869953618,332.939408624661
0.983000000000001,0.948189787436241,942.124518577848,327.726330963646
0.984000000000001,0.949189787436241,930.659167202078,322.589895148621
0.985000000000001,0.950189787436241,919.193815826308,317.528809125148
0.986000000000001,0.951189787436241,907.728464450538,312.541806464585
0.987000000000001,0.952189787436241,896.263113074767,307.627645796925
0.988000000000001,0.953189787436241,884.797761698997,302.785110270005
0.989000000000001,0.954189787436241,873.332410323227,298.013006970171
0.990000000000001,0.955189787436241,861.867058947457,293.310166444442
0.991000000000001,0.956189787436241,850.401707571687,288.675442141147
0.992000000000001,0.957189787436241,838.936356195917,284.107709909274
0.993000000000001,0.958189787436241,827.471004820146,279.605867514801
0.994000000000001,0.959189787436241,816.005653444376,275.168834122775
0.995000000000001,0.960189787436241,805.37271712566,270.795549866852
0.996000000000001,0.961189787436241,795.936377451456,266.484975335607
0.997000000000001,0.962189787436241,786.500037777252,262.23609115432
0.998000000000001,0.963189787436241,777.063698103047,258.047897518054
0.999000000000001,0.964189787436241,767.627358428843,253.919413762709
1,0.965189787436241,758.19101875464,249.849677952793
1.001,0.966189787436241,748.754679080435,245.837746440316
1.002,0.967189787436241,739.318339406232,241.882693480106
1.003,0.968189787436241,729.881999732029,237.983610831427
1.004,0.969189787436241,720.445660057825,234.139607361955
1.005,0.970189787436241,711.009320383622,230.349808676397
1.006,0.971189787436241,701.572980709419,226.613356753067
1.007,0.97218978743624,692.136641035215,222.929409570819
1.008,0.97318978743624,682.700301361012,219.297140768872
1.009,0.97418978743624,673.263961686809,215.715739294198
1.01,0.97518978743624,663.827622012606,212.184409075977
1.011,0.97618978743624,654.391282338402,208.702368693703
1.012,0.97718978743624,644.954942664199,205.268851054461
1.013,0.97818978743624,635.518602989996,201.883103096819
1.014,0.97918978743624,626.082263315792,198.544385459288
1.015,0.98018978743624,616.645923641589,195.251972211362
1.016,0.981189787436239,607.209583967386,192.005150548224
1.017,0.982189787436239,597.773244293183,188.803220513193
1.018,0.983189787436239,588.336904618979,185.64549472076
1.019,0.984189787436239,578.900564944776,182.531298087072
1.02,0.985189787436239,569.464225270573,179.459967571887
1.021,0.986189787436239,560.02788559637,176.430851907804
1.022,0.987189787436239,550.591545922166,173.443311374211
1.023,0.988189787436239,541.155206247963,170.496717527997
1.024,0.989189787436239,531.71886657376,167.590452984385
1.025,0.990189787436238,522.282526899556,164.723911172929
1.026,0.991189787436238,512.846187225353,161.896496115614
1.027,0.992189787436238,504.348458302734,159.10762221135
1.028,0.993189787436238,497.52682000796,156.356713983232
1.029,0.994189787436238,490.705181713186,153.643205947585
1.03,0.995189787436238,483.883543418412,150.96654230634
1.031,0.996189787436238,477.061905123638,148.32617684036
1.032,0.997189787436238,470.240266828864,145.721572634715
1.033,0.998189787436238,463.41862853409,143.152201951435
1.034,0.999189787436237,456.596990239316,140.617545996059
1.035,1.00018978743624,449.775351944543,138.117094758682
1.036,1.00118978743624,442.953713649769,135.650346838857
1.037,1.00218978743624,436.132075354995,133.216809236418
1.038,1.00318978743624,429.310437060221,130.815997254442
1.039,1.00418978743624,422.488798765447,128.447434244597
1.04,1.00518978743624,415.667160470673,126.11065150995
1.041,1.00618978743624,408.845522175899,123.805188121574
1.042,1.00718978743624,402.023883881125,121.530590768461
1.043,1.00818978743624,395.202245586351,119.286413603308
1.044,1.00918978743624,388.380607291577,117.072218109169
1.045,1.01018978743624,381.558968996803,114.887572940977
1.046,1.01118978743624,374.73733070203,112.732053780952
1.047,1.01218978743624,367.915692407256,110.605243215057
1.048,1.01318978743624,361.094054112482,108.50673060278
1.049,1.01418978743624,354.272415817708,106.436111932713
1.05,1.01518978743624,347.450777522934,104.392989697713
1.051,1.01618978743624,340.62913922816,102.37697277336
1.05199999999999,1.01718978743624,333.807500933386,100.387676298613
1.05299999999999,1.01818978743624,326.985862638612,98.4247215503163
1.05399999999999,1.01918978743624,320.164224343838,96.4877358304
1.05499999999999,1.02018978743624,313.342586049064,94.5763523513499
1.05599999999999,1.02118978743624,306.52094775429,92.6902101228373
1.05699999999999,1.02218978743623,299.699309459517,90.8289538576944
1.05799999999999,1.02318978743623,292.877671164743,88.9922338250877
1.05899999999999,1.02418978743623,287.004764535618,87.179705804851
1.05999999999999,1.02518978743623,283.266504154261,85.3910309396479
1.06099999999999,1.02618978743623,279.528243772905,83.6258756569139
1.06199999999999,1.02718978743623,275.789983391548,81.8839115669146
1.06299999999999,1.02818978743623,272.051723010191,80.1648153625786
1.06399999999999,1.02918978743623,268.313462628835,78.4682687363657
1.06499999999999,1.03018978743623,264.575202247478,76.7939582855977
1.06599999999999,1.03118978743623,260.836941866122,75.141575417613
1.06699999999999,1.03218978743623,257.098681484765,73.5108162738418
1.06799999999999,1.03318978743623,253.360421103408,71.9013816368402
1.06899999999999,1.03418978743623,249.622160722052,70.3129768546419
1.06999999999999,1.03518978743623,245.883900340695,68.7453117451921
1.07099999999999,1.03618978743623,242.145639959339,67.1981005341734
1.07199999999999,1.03718978743623,238.407379577982,65.6710617626086
1.07299999999999,1.03818978743623,234.669119196625,64.1639182251022
1.07399999999999,1.03918978743623,230.930858815269,62.6763968783551
1.07499999999999,1.04018978743623,227.192598433912,61.2082287845024
1.07599999999999,1.04118978743623,223.454338052555,59.7591490303185
1.07699999999999,1.04218978743623,219.716077671199,58.328896658177
1.07799999999999,1.04318978743623,215.977817289842,56.9172146002814
1.07899999999999,1.04418978743623,212.239556908486,55.523849604082
1.07999999999999,1.04518978743623,208.501296527129,54.1485521907516
1.08099999999999,1.04618978743623,204.763036145772,52.7910765483569
1.08199999999999,1.04718978743623,201.024775764416,51.4511805110754
1.08299999999999,1.04818978743623,197.286515383059,50.1286254783329
1.08399999999999,1.04918978743623,193.548255001702,48.8231763454756
1.08499999999999,1.05018978743623,189.809994620346,47.5346014662121
1.08599999999999,1.05118978743623,186.071734238989,46.2626725827761
1.08699999999999,1.05218978743623,182.333473857633,45.0071647657169
1.08799999999999,1.05318978743623,178.595213476276,43.7678563640404
1.08899999999999,1.05418978743623,174.856953094919,42.5445289491945
1.08999999999999,1.05518978743623,171.118692713563,41.33696726678
1.09099999999999,1.05618978743623,167.755670254909,40.1449591733131
1.09199999999999,1.05718978743623,165.480837772149,38.9682955955093
1.09299999999999,1.05818978743623,163.206005289388,37.8067704705807
1.09399999999999,1.05918978743623,160.931172806627,36.6601807060076
1.09499999999999,1.06018978743623,158.656340323866,35.5283261264751
1.09599999999999,1.06118978743623,156.381507841106,34.4110094265736
1.09699999999999,1.06218978743623,154.106675358345,33.3080361233711
1.09799999999999,1.06318978743623,151.831842875584,32.2192145150334
1.09899999999999,1.06418978743623,149.557010392823,31.1443556328295
1.09999999999999,1.06518978743623,147.282177910063,30.0832731967132
1.10099999999999,1.06618978743623,145.007345427302,29.0357835744869
1.10199999999999,1.06718978743623,142.732512944541,28.001705738551
1.10299999999999,1.06818978743623,140.45768046178,26.9808612244235
1.10399999999999,1.06918978743623,138.18284797902,25.9730740914715
1.10499999999999,1.07018978743623,135.908015496259,24.9781708811995
1.10599999999999,1.07118978743623,133.633183013498,23.9959805794181
1.10699999999999,1.07218978743623,131.358350530737,23.0263345775241
1.10799999999999,1.07318978743623,129.083518047976,22.0690666349244
1.10899999999999,1.07418978743623,126.808685565216,21.1240128420977
1.10999999999999,1.07518978743623,124.533853082455,20.191011584348
1.11099999999999,1.07618978743623,122.259020599694,19.2699035062183
1.11199999999999,1.07718978743623,119.984188116933,18.360531476558
1.11299999999999,1.07818978743623,117.709355634173,17.4627405542247
1.11399999999999,1.07918978743623,115.434523151412,16.5763779544079
1.11499999999999,1.08018978743623,113.159690668651,15.701293015567
1.11599999999999,1.08118978743623,110.88485818589,14.8373371669552
1.11699999999999,1.08218978743623,108.61002570313,13.9843638967302
1.11799999999999,1.08318978743623,106.335193220369,13.1422287206358
1.11899999999999,1.08418978743623,104.060360737608,12.3107891512393
1.11999999999999,1.08518978743623,101.785528254847,11.4899046677115
1.12099999999999,1.08618978743623,99.5106957720867,10.6794366861411
1.12199999999999,1.08718978743623,97.2358632893259,9.87924853037296
1.12299999999999,1.08818978743623,95.0246027210562,9.08920540335387
1.12399999999999,1.08918978743623,93.0596833214585,8.3091743582627
1.12499999999999,1.09018978743623,91.0947639218608,7.53902427440451
1.12599999999999,1.09118978743623,89.1298445222631,6.77862581913589
1.12699999999999,1.09218978743623,87.1649251226654,6.02785144736483
1.12799999999999,1.09318978743623,85.2000057230677,5.28657533325966
1.12899999999999,1.09418978743623,83.23508632347,4.5546733838228
1.12999999999999,1.09518978743623,81.2701669238723,3.8320231941075
1.13099999999999,1.09618978743623,79.3052475242745,3.11850402617804
1.13199999999999,1.09718978743623,77.3403281246768,2.41399678295149
1.13299999999999,1.09818978743623,75.3754087250791,1.71838399232822
1.13399999999999,1.09918978743623,73.4104893254814,1.03154976697922
1.13499999999999,1.10018978743623,71.4455699258837,0.35337979761041
1.13599999999999,1.10118978743623,69.480650526286,-0.316238678258719
1.13699999999999,1.10218978743623,67.5157311266883,-0.977416897156195
1.13799999999999,1.10318978743623,65.5508117270905,-1.63026459181945
1.13899999999999,1.10418978743623,63.5858923274928,-2.27489001298702
1.13999999999999,1.10518978743623,61.6209729278951,-2.91139995083015
1.14099999999999,1.10618978743623,59.6560535282974,-3.53989975604052
1.14199999999999,1.10718978743623,57.6911341286997,-4.16049336056242
1.14299999999998,1.10818978743623,55.726214729102,-4.77328329799955
1.14399999999998,1.10918978743623,53.7612953295043,-5.37837072368004
1.14499999999998,1.11018978743623,51.7963759299066,-5.9758554343998
1.14599999999998,1.11118978743623,49.8314565303088,-6.5658358878545
1.14699999999998,1.11218978743622,47.8665371307111,-7.14840922177016
1.14799999999998,1.11318978743622,45.9016177311134,-7.72367127091409
1.14899999999998,1.11418978743622,43.9366983315157,-8.29171659441156
1.14999999999998,1.11518978743622,41.971778931918,-8.85263847640315
1.15099999999998,1.11618978743622,40.0068595323203,-9.40652896151548
1.15199999999998,1.11718978743622,38.0419401327226,-9.95347886372972
1.15299999999998,1.11818978743622,36.0770207331249,-10.4935777854987
1.15399999999998,1.11918978743622,34.1121013335271,-11.0269141348349
1.15499999999998,1.12018978743622,32.3031970489722,-11.5535751421378
1.15599999999998,1.12118978743622,31.3523758972606,-12.0736468754623
1.15699999999998,1.12218978743622,30.4015547455489,-12.587214263227
1.15799999999998,1.12318978743622,29.4507335938373,-13.0943610975027
1.15899999999998,1.12418978743622,28.4999124421256,-13.5951700625176
1.15999999999998,1.12518978743622,27.549091290414,-14.0897227438872
1.16099999999998,1.12618978743622,26.5982701387023,-14.5780996441665
1.16199999999998,1.12718978743622,25.6474489869907,-15.0603802030855
1.16299999999998,1.12818978743622,24.696627835279,-15.5366428019927
1.16399999999998,1.12918978743622,23.7458066835674,-16.0069647889825
1.16499999999998,1.13018978743622,22.7949855318558,-16.4714224879897
1.16599999999998,1.13118978743622,21.8441643801441,-16.930091214044
1.16699999999998,1.13218978743622,20.8933432284325,-17.3830452872305
1.16799999999998,1.13318978743622,19.9425220767208,-17.8303580464485
1.16899999999998,1.13418978743622,18.9917009250092,-18.2721018605023
1.16999999999998,1.13518978743622,18.0408797732975,-18.7083481537329
1.17099999999998,1.13618978743622,17.0900586215859,-19.1391673945477
1.17199999999998,1.13718978743622,16.1392374698742,-19.5646291330145
1.17299999999998,1.13818978743622,15.1884163181626,-19.9848020012716
1.17399999999998,1.13918978743622,14.237595166451,-20.3997537281425
1.17499999999998,1.14018978743622,13.2867740147393,-20.809551153588
1.17599999999998,1.14118978743622,12.3359528630277,-21.2142602376066
1.17699999999998,1.14218978743622,11.385131711316,-21.6139460722329
1.17799999999998,1.14318978743622,10.4343105596044,-22.0086728995347
1.17899999999998,1.14418978743622,9.48348940789273,-22.3985041154631
1.17999999999998,1.14518978743622,8.53266825618109,-22.7835022854663
1.18099999999998,1.14618978743622,7.58184710446944,-23.1637291549828
1.18199999999998,1.14718978743622,6.6310259527578,-23.53924566059
1.18299999999998,1.14818978743622,5.68020480104615,-23.9101119409999
1.18399999999998,1.14918978743622,4.72938364933451,-24.2763873469844
1.18499999999998,1.15018978743622,3.77856249762286,-24.6381304546162
1.18599999999998,1.15118978743622,2.82774134591122,-24.995399076475
1.18699999999998,1.15218978743622,1.97822448479612,-25.3482502616734
1.18799999999998,1.15318978743622,2.01512016659155,-25.6967403207582
1.18899999999998,1.15418978743622,2.05201584838699,-26.0409248275382
1.18999999999998,1.15518978743622,2.08891153018243,-26.3808586300438
1.19099999999998,1.15618978743622,2.12580721197787,-26.7165958611267
1.19199999999998,1.15718978743622,2.16270289377331,-27.0481899477222
1.19299999999998,1.15818978743622,2.19959857556875,-27.3756936192656
1.19399999999998,1.15918978743622,2.23649425736419,-27.699158922848
1.19499999999998,1.16018978743622,2.27338993915963,-28.0186372208511
1.19599999999998,1.16118978743622,2.31028562095506,-28.3341792136639
1.19699999999998,1.16218978743622,2.3471813027505,-28.6458349328507
1.19799999999998,1.16318978743622,2.38407698454594,-28.9536537711176
1.19899999999998,1.16418978743622,2.42097266634138,-29.2576844710916
1.19999999999998,1.16518978743622,2.45786834813682,-29.5579751450132
1.20099999999998,1.16618978743622,2.49476402993226,-29.8545732755567
1.20199999999998,1.16718978743622,2.5316597117277,-30.1475257354761
1.20299999999998,1.16818978743622,2.56855539352314,-30.436878784589
1.20399999999998,1.16918978743622,2.60545107531857,-30.7226780835017
1.20499999999998,1.17018978743622,2.64234675711401,-31.0049687005023
1.20599999999998,1.17118978743622,2.67924243890945,-31.2837951194544
1.20699999999998,1.17218978743622,2.71613812070489,-31.5592012475781
1.20799999999998,1.17318978743622,2.75303380250033,-31.8312304231297
1.20899999999998,1.17418978743622,2.78992948429577,-32.0999254229655
1.20999999999998,1.17518978743622,2.82682516609121,-32.3653284700071
1.21099999999998,1.17618978743622,2.86372084788665,-32.6274812405972
1.21199999999998,1.17718978743622,2.90061652968209,-32.8864248727379
1.21299999999998,1.17818978743622,2.93751221147752,-33.1421999683336
1.21399999999998,1.17918978743622,2.97440789327296,-33.3948466100978
1.21499999999998,1.18018978743622,3.0113035750684,-33.6444043593872
1.21599999999998,1.18118978743622,3.04819925686384,-33.8909122648767
1.21699999999998,1.18218978743622,3.08509493865928,-34.1344088728558
1.21799999999998,1.18318978743622,3.12199062045472,-34.3749322327326
1.21899999999998,1.18418978743622,3.15323919410929,-34.6125198985921
1.21999999999998,1.18518978743622,3.08001626710745,-34.847208944657
1.22099999999998,1.18618978743622,3.00679334010562,-35.0790359635882
1.22199999999998,1.18718978743622,2.93357041310378,-35.308037076845
1.22299999999998,1.18818978743622,2.86034748610195,-35.5342479400533
1.22399999999998,1.18918978743622,2.78712455910011,-35.7577037503934
1.22499999999998,1.19018978743622,2.71390163209828,-35.9784392465244
1.22599999999998,1.19118978743622,2.64067870509644,-36.1964887262477
1.22699999999998,1.19218978743622,2.56745577809461,-36.4118860418557
1.22799999999998,1.19318978743622,2.49423285109277,-36.6246646095737
1.22899999999998,1.19418978743622,2.42100992409094,-36.8348574184003
1.22999999999998,1.19518978743622,2.3477869970891,-37.0424970280842
1.23099999999998,1.19618978743622,2.27456407008726,-37.2476155816462
1.23199999999998,1.19718978743622,2.20134114308543,-37.4502448104808
1.23299999999998,1.19818978743622,2.12811821608359,-37.6504160340241
1.23399999999997,1.19918978743622,2.05489528908176,-37.8481601742751
1.23499999999997,1.20018978743622,1.98167236207992,-38.0435077497834
1.23599999999997,1.20118978743622,1.90844943507809,-38.2364888906099
1.23699999999997,1.20218978743622,1.83522650807625,-38.4271333421536
1.23799999999997,1.20318978743621,1.76200358107442,-38.6154704598539
1.23899999999997,1.20418978743621,1.68878065407258,-38.8015292285695
1.23999999999997,1.20518978743621,1.61555772707075,-38.9853382608171
1.24099999999997,1.20618978743621,1.54233480006891,-39.1669257993239
1.24199999999997,1.20718978743621,1.46911187306707,-39.3463197273136
1.24299999999997,1.20818978743621,1.39588894606524,-39.5235475671152
1.24399999999997,1.20918978743621,1.3226660190634,-39.6986364896011
1.24499999999997,1.21018978743621,1.24944309206157,-39.8716133195887
1.24599999999997,1.21118978743621,1.17622016505973,-40.0425045331758
1.24699999999997,1.21218978743621,1.1029972380579,-40.2113362725195
1.24799999999997,1.21318978743621,1.02977431105606,-40.378134338554
1.24899999999997,1.21418978743621,0.956551384054226,-40.5429242102989
1.24999999999997,1.21518978743621,0.883328457052391,-40.7057310298285
1.25099999999997,1.21618978743621,0.810105530050555,-40.8665796280379
1.25199999999997,1.21718978743621,0.684927715220313,-41.0254945096751
1.25299999999997,1.21818978743621,0.559749900388674,-41.1824998717632
1.25399999999997,1.21918978743621,0.434572085557035,-41.3376195966191
1.25499999999997,1.22018978743621,0.309394270725397,-41.4908772666008
1.25599999999997,1.22118978743621,0.184216455893758,-41.6422961566482
1.25699999999997,1.22218978743621,0.0590386410621194,-41.7918992499003
1.25799999999997,1.22318978743621,-0.0661391737695192,-41.9397092291979
1.25899999999997,1.22418978743621,-0.191316988601158,-42.0857484940327
1.25999999999997,1.22518978743621,-0.316494803432796,-42.2300391538829
1.26099999999997,1.22618978743621,-0.441672618264435,-42.3726030358859
1.26199999999997,1.22718978743621,-0.566850433096074,-42.5134616902451
1.26299999999997,1.22818978743621,-0.692028247927712,-42.6526363901812
1.26399999999997,1.22918978743621,-0.817206062759351,-42.7901481391757
1.26499999999997,1.23018978743621,-0.94238387759099,-42.9260176709849
1.26599999999997,1.23118978743621,-1.06756169242263,-43.0602654557895
1.26699999999997,1.23218978743621,-1.19273950725427,-43.1929117013492
1.26799999999997,1.23318978743621,-1.31791732208591,-43.3239763594224
1.26899999999997,1.23418978743621,-1.44309513691754,-43.4534791248918
1.26999999999997,1.23518978743621,-1.56827295174918,-43.5814394448273
1.27099999999997,1.23618978743621,-1.69345076658082,-43.707876516728
1.27199999999997,1.23718978743621,-1.81862858141246,-43.8328092915069
1.27299999999997,1.23818978743621,-1.9438063962441,-43.9562564832233
1.27399999999997,1.23918978743621,-2.06898421107574,-44.0782365623083
1.27499999999997,1.24018978743621,-2.19416202590738,-44.1987677677073
1.27599999999997,1.24118978743621,-2.31933984073901,-44.3178681061192
1.27699999999997,1.24218978743621,-2.44451765557065,-44.4355553503965
1.27799999999997,1.24318978743621,-2.56969547040229,-44.5518470533211
1.27899999999997,1.24418978743621,-2.69487328523393,-44.6667605398197
1.27999999999997,1.24518978743621,-2.82005110006557,-44.7803129173655
1.28099999999997,1.24618978743621,-2.94522891489721,-44.8925210742493
1.28199999999997,1.24718978743621,-3.07040672972885,-45.0034016827012
1.28299999999997,1.24818978743621,-3.19558454456049,-45.1129712072672
1.28399999999997,1.24918978743621,-3.54126311878306,-45.2212458989093
1.28499999999997,1.25018978743621,-3.89886065298019,-45.3282418034041
1.28599999999997,1.25118978743621,-4.25645818717732,-45.4339747627505
1.28699999999997,1.25218978743621,-4.61405572137445,-45.5384604176922
1.28799999999997,1.25318978743621,-4.97165325557158,-45.6417142115599
1.28899999999997,1.25418978743621,-5.32925078976871,-45.7437513876843
1.28999999999997,1.25518978743621,-5.68684832396583,-45.8445870024561
1.29099999999997,1.25618978743621,-6.04444585816296,-45.9442359131997
1.29199999999997,1.25718978743621,-6.40204339236009,-46.0427127952791
1.29299999999997,1.25818978743621,-6.75964092655722,-46.1400321327312
1.29399999999997,1.25918978743621,-7.11723846075435,-46.2362082307365
1.29499999999997,1.26018978743621,-7.47483599495148,-46.3312552095224
1.29599999999997,1.26118978743621,-7.83243352914861,-46.4251870113485
1.29699999999997,1.26218978743621,-8.19003106334574,-46.5180174017171
1.29799999999997,1.26318978743621,-8.54762859754286,-46.6097599717129
1.29899999999997,1.26418978743621,-8.90522613173999,-46.7004281389459
1.29999999999997,1.26518978743621,-9.26282366593712,-46.7900351534297
1.30099999999997,1.26618978743621,-9.62042120013425,-46.8785940960642
1.30199999999997,1.26718978743621,-9.97801873433138,-46.9661178810258
1.30299999999997,1.26818978743621,-10.3356162685285,-47.0526192600434
1.30399999999997,1.26918978743621,-10.6932138027256,-47.1381108233784
1.30499999999997,1.27018978743621,-11.0508113369228,-47.2226050009335
1.30599999999997,1.27118978743621,-11.4084088711199,-47.3061140684829
1.30699999999997,1.27218978743621,-11.766006405317,-47.3886501421418
1.30799999999997,1.27318978743621,-12.1236039395142,-47.470225186961
1.30899999999997,1.27418978743621,-12.4812014737113,-47.5508510166867
1.30999999999997,1.27518978743621,-12.8387990079084,-47.6305392956369
1.31099999999997,1.27618978743621,-13.1963965421055,-47.7093015396895
1.31199999999997,1.27718978743621,-13.5539940763027,-47.7871491210876
1.31299999999997,1.27818978743621,-13.9115916104998,-47.8640932664664
1.31399999999997,1.27918978743621,-14.2691891446969,-47.940145060553
1.31499999999997,1.28018978743621,-14.6267866788941,-48.0153154500601
1.31599999999997,1.28118978743621,-16.3817082875714,-48.0896152424438
1.31699999999997,1.28218978743621,-18.2963240762482,-48.1630551068215
1.31799999999997,1.28318978743621,-20.210939864925,-48.2356455804724
1.31899999999997,1.28418978743621,-22.1255556536018,-48.3073970657051
1.31999999999997,1.28518978743621,-24.0401714422786,-48.3783198355593
1.32099999999997,1.28618978743621,-25.9547872309554,-48.4484240306299
1.32199999999997,1.28718978743621,-27.8694030196322,-48.5177196654567
1.32299999999997,1.28818978743621,-29.784018808309,-48.5862166282788
1.32399999999996,1.28918978743621,-31.6986345969858,-48.6539246826664
1.32499999999996,1.29018978743621,-33.6132503856626,-48.7208534691456
1.32599999999996,1.29118978743621,-35.5278661743394,-48.7870125049139
1.32699999999996,1.29218978743621,-37.4424819630162,-48.8524111899053
1.32799999999996,1.29318978743621,-39.357097751693,-48.9170588039233
1.32899999999996,1.2941897874362,-41.2717135403698,-48.980964509959
1.32999999999996,1.2951897874362,-43.1863293290466,-49.0441373580015
1.33099999999996,1.2961897874362,-45.1009451177234,-49.1065862800367
1.33199999999996,1.2971897874362,-47.0155609064002,-49.1683200981115
1.33299999999996,1.2981897874362,-48.930176695077,-49.229347524084
1.33399999999996,1.2991897874362,-50.8447924837538,-49.2896771585026
1.33499999999996,1.3001897874362,-52.7594082724306,-49.3493174930354
1.33599999999996,1.3011897874362,-54.6740240611074,-49.40827691565
1.33699999999996,1.3021897874362,-56.5886398497842,-49.4665637057394
1.33799999999996,1.3031897874362,-58.503255638461,-49.5241860402423
1.33899999999996,1.3041897874362,-60.4178714271378,-49.5811519925476
1.33999999999996,1.3051897874362,-62.3324872158146,-49.6374695352856
1.34099999999996,1.3061897874362,-64.2471030044914,-49.6931465410464
1.34199999999996,1.3071897874362,-66.1617187931682,-49.7481907827143
1.34299999999996,1.3081897874362,-68.076334581845,-49.8026099363505
1.34399999999996,1.3091897874362,-69.9909503705218,-49.8564115802451
1.34499999999996,1.3101897874362,-71.9055661591986,-49.9096031996569
1.34599999999996,1.3111897874362,-73.8201819478754,-49.9621921845923
1.34699999999996,1.3121897874362,-75.7347977365522,-50.0141858322904
1.34799999999996,1.3131897874362,-77.3654999599342,-50.0655913498674
1.34899999999996,1.3141897874362,-78.9445815350658,-50.1164158520391
1.34999999999996,1.3151897874362,-80.5236631101974,-50.1666663656883
1.35099999999996,1.3161897874362,-82.1027446853291,-50.2163498289258
1.35199999999996,1.3171897874362,-83.6818262604607,-50.265473093626
1.35299999999996,1.3181897874362,-85.2609078355923,-50.3140429251805
1.35399999999996,1.3191897874362,-86.839989410724,-50.3620660048891
1.35499999999996,1.3201897874362,-88.4190709858556,-50.4095489297203
1.35599999999996,1.3211897874362,-89.9981525609873,-50.4564982147337
1.35699999999996,1.3221897874362,-91.5772341361189,-50.5029202928297
1.35799999999996,1.3231897874362,-93.1563157112505,-50.548821516398
1.35899999999996,1.3241897874362,-94.7353972863822,-50.5942081595892
1.35999999999996,1.3251897874362,-96.3144788615138,-50.6390864157231
1.36099999999996,1.3261897874362,-97.8935604366454,-50.6834624030471
1.36199999999996,1.3271897874362,-99.472642011777,-50.7273421621223
1.36299999999996,1.3281897874362,-101.051723586909,-50.7707316586318
1.36399999999996,1.3291897874362,-102.63080516204,-50.8136367831196
1.36499999999996,1.3301897874362,-104.209886737172,-50.8560633526003
1.36599999999996,1.3311897874362,-105.788968312304,-50.8980171114594
1.36699999999996,1.3321897874362,-107.368049887435,-50.9395037334175
1.36799999999996,1.3331897874362,-108.947131462567,-50.9805288192879
1.36899999999996,1.3341897874362,-110.526213037698,-51.0210979025776
1.36999999999996,1.3351897874362,-112.10529461283,-51.0612164456975
1.37099999999996,1.3361897874362,-113.684376187962,-51.1008898434863
1.37199999999996,1.3371897874362,-115.263457763093,-51.1401234240188
1.37299999999996,1.3381897874362,-116.842539338225,-51.1789224484225
1.37399999999996,1.3391897874362,-118.421620913357,-51.2172921127564
1.37499999999996,1.3401897874362,-120.000702488488,-51.2552375478879
1.37599999999996,1.3411897874362,-121.57978406362,-51.2927638202941
1.37699999999996,1.3421897874362,-123.158865638752,-51.3298759352719
1.37799999999996,1.3431897874362,-124.737947213883,-51.366578833431
1.37899999999996,1.3441897874362,-126.317028789015,-51.4028773953109
1.37999999999996,1.3451897874362,-125.200457904682,-51.4387764407495
1.38099999999996,1.3461897874362,-123.38823477257,-51.4742807291554
1.38199999999996,1.3471897874362,-121.576011640458,-51.5093949607449
1.38299999999996,1.3481897874362,-119.763788508346,-51.5441237772963
1.38399999999996,1.3491897874362,-117.951565376235,-51.5784717633878
1.38499999999996,1.3501897874362,-116.139342244123,-51.6124434461865
1.38599999999996,1.3511897874362,-114.327119112011,-51.6460432965918
1.38699999999996,1.3521897874362,-112.514895979899,-51.6792757304326
1.38799999999996,1.3531897874362,-110.702672847788,-51.7121451083105
1.38899999999996,1.3541897874362,-108.890449715676,-51.744655736682
1.38999999999996,1.3551897874362,-107.078226583564,-51.7768118690289
1.39099999999996,1.3561897874362,-105.266003451452,-51.808617705223
1.39199999999996,1.3571897874362,-103.453780319341,-51.8400773943015
1.39299999999996,1.3581897874362,-101.641557187229,-51.8711950322079
1.39399999999996,1.3591897874362,-99.829334055117,-51.9019746661886
1.39499999999996,1.3601897874362,-98.0171109230052,-51.9324202913187
1.39599999999996,1.3611897874362,-96.2048877908935,-51.9625358544081
1.39699999999996,1.3621897874362,-94.3926646587817,-51.9923252533695
1.39799999999996,1.3631897874362,-92.5804415266699,-52.0217923371051
1.39899999999996,1.3641897874362,-90.7682183945582,-52.0509409076658
1.39999999999996,1.3651897874362,-88.9559952624464,-52.0797747200793
1.40099999999996,1.3661897874362,-87.1437721303346,-52.108297481758
1.40199999999996,1.3671897874362,-85.3315489982229,-52.1365128558511
1.40299999999996,1.3681897874362,-83.5193258661111,-52.1644244597717
1.40399999999996,1.3691897874362,-81.7071027339993,-52.1920358652119
1.40499999999996,1.3701897874362,-79.8948796018876,-52.2193506008304
1.40599999999996,1.3711897874362,-78.0826564697758,-52.2463721516672
1.40699999999996,1.3721897874362,-76.2704333376641,-52.2731039594546
1.40799999999996,1.3731897874362,-74.4582102055523,-52.2995494233887
1.40899999999996,1.3741897874362,-72.6459870734405,-52.3257119007826
1.40999999999996,1.3751897874362,-70.8337639413288,-52.3515947078681
1.41099999999996,1.3761897874362,-69.021540809217,-52.3772011193368
1.41199999999996,1.3771897874362,-67.05472511534,-52.4025343701751
1.41299999999996,1.3781897874362,-65.0346016415315,-52.4275976555368
1.41399999999996,1.3791897874362,-63.0144781677229,-52.4523941302154
1.41499999999995,1.3801897874362,-60.9943546939144,-52.4769269114706
1.41599999999995,1.3811897874362,-58.9742312201058,-52.5011990775447
1.41699999999995,1.3821897874362,-56.9541077462973,-52.5252136688316
1.41799999999995,1.3831897874362,-54.9339842724887,-52.548973688001
1.41899999999995,1.3841897874362,-52.9138607986802,-52.5724821020628
1.41999999999995,1.38518978743619,-50.8937373248716,-52.5957418396911
1.42099999999995,1.38618978743619,-48.8736138510631,-52.6187557954083
1.42199999999995,1.38718978743619,-46.8534903772545,-52.6415268266767
1.42299999999995,1.38818978743619,-44.833366903446,-52.6640577567898
1.42399999999995,1.38918978743619,-42.8132434296374,-52.686351374366
1.42499999999995,1.39018978743619,-40.7931199558289,-52.7084104332421
1.42599999999995,1.39118978743619,-38.7729964820203,-52.7302376537554
1.42699999999995,1.39218978743619,-36.7528730082118,-52.7518357234539
1.42799999999995,1.39318978743619,-34.7327495344032,-52.7732072958126
1.42899999999995,1.39418978743619,-32.7126260605947,-52.7943549929396
1.42999999999995,1.39518978743619,-30.6925025867861,-52.8152814039777
1.43099999999995,1.39618978743619,-28.6723791129776,-52.8359890866375
1.43199999999995,1.39718978743619,-26.652255639169,-52.8564805676262
1.43299999999995,1.39818978743619,-24.6321321653605,-52.8767583424296
1.43399999999995,1.39918978743619,-22.612008691552,-52.8968248760589
1.43499999999995,1.40018978743619,-20.5918852177434,-52.9166826033493
1.43599999999995,1.40118978743619,-18.5717617439349,-52.9363339296644
1.43699999999995,1.40218978743619,-16.5516382701263,-52.9557812304608
1.43799999999995,1.40318978743619,-14.5315147963178,-52.9750268524385
1.43899999999995,1.40418978743619,-12.5113913225092,-52.9940731139086
1.43999999999995,1.40518978743619,-10.4912678487007,-53.0129223049018
1.44099999999995,1.40618978743619,-8.47114437489212,-53.0315766867613
1.44199999999995,1.40718978743619,-6.45102090108358,-53.0500384942374
1.44299999999995,1.40818978743619,-4.43089742727503,-53.0683099338978
1.44399999999995,1.40918978743619,-4.02279575049009,-53.0863931865945
1.44499999999995,1.41018978743619,-4.3311482058772,-53.1042904054473
1.44599999999995,1.41118978743619,-4.6395006612643,-53.1220037180633
1.44699999999995,1.41218978743619,-4.9478531166514,-53.1395352259421
1.44799999999995,1.41318978743619,-5.2562055720385,-53.1568870049914
1.44899999999995,1.41418978743619,-5.5645580274256,-53.1740611059256
1.44999999999995,1.41518978743619,-5.87291048281271,-53.1910595544909
1.45099999999995,1.41618978743619,-6.18126293819981,-53.2078843520551
1.45199999999995,1.41718978743619,-6.48961539358691,-53.2245374754757
1.45299999999995,1.41818978743619,-6.79796784897401,-53.2410208773851
1.45399999999995,1.41918978743619,-7.10632030436112,-53.2573364873651
1.45499999999995,1.42018978743619,-7.41467275974822,-53.2734862107418
1.45599999999995,1.42118978743619,-7.72302521513532,-53.2894719303947
1.45699999999995,1.42218978743619,-8.03137767052242,-53.3052955063645
1.45799999999995,1.42318978743619,-8.33973012590953,-53.3209587757465
1.45899999999995,1.42418978743619,-8.64808258129663,-53.3364635536009
1.45999999999995,1.42518978743619,-8.95643503668373,-53.3518116334353
1.46099999999995,1.42618978743619,-9.26478749207083,-53.3670047860325
1.46199999999995,1.42718978743619,-9.57313994745793,-53.3820447619805
1.46299999999995,1.42818978743619,-9.88149240284504,-53.3969332899044
1.46399999999995,1.42918978743619,-10.1898448582321,-53.411672077752
1.46499999999995,1.43018978743619,-10.4981973136192,-53.4262628126332
1.46599999999995,1.43118978743619,-10.8065497690063,-53.4407071620742
1.46699999999995,1.43218978743619,-11.1149022243934,-53.4550067723407
1.46799999999995,1.43318978743619,-11.4232546797805,-53.4691632707715
1.46899999999995,1.43418978743619,-11.7316071351677,-53.4831782647254
1.46999999999995,1.43518978743619,-12.0399595905548,-53.4970533421865
1.47099999999995,1.43618978743619,-12.3483120459419,-53.5107900718521
1.47199999999995,1.43718978743619,-12.656664501329,-53.5243900038776
1.47299999999995,1.43818978743619,-12.9650169567161,-53.5378546697668
1.47399999999995,1.43918978743619,-13.2733694121032,-53.5511855820746
1.47499999999995,1.44018978743619,-13.5817218674903,-53.5643842358759
1.47599999999995,1.44118978743619,-13.692412492517,-53.5774521077665
1.47699999999995,1.44218978743619,-13.692412492517,-53.5903906567753
1.47799999999995,1.44318978743619,-13.692412492517,-53.603201324584
1.47899999999995,1.44418978743619,-13.692412492517,-53.6158855352394
1.47999999999995,1.44518978743619,-13.692412492517,-53.6284446962058
1.48099999999995,1.44618978743619,-13.692412492517,-53.6408801974251
1.48199999999995,1.44718978743619,-13.692412492517,-53.653193412684
1.48299999999995,1.44818978743619,-13.692412492517,-53.6653856991336
1.48399999999995,1.44918978743619,-13.692412492517,-53.6774583977017
1.48499999999995,1.45018978743619,-13.692412492517,-53.6894128332687
1.48599999999995,1.45118978743619,-13.692412492517,-53.7012503148719
