feature,target_value,model_value,scale,weight,standardized_residual,contribution,included,missing_model_feature
peak_amplitude,4372.81655170589,4327.67037988075,437.281655170589,1,-0.103242775660301,0.0106590707260432,1,0
force_onset_delay,0.0545570292002954,0.0197468166365359,0.0321,1,-1.08443029793643,1.1759890710825,1,0
rise_20_to_50,0.0517358333936834,0.0560106707633673,0.0321,1,0.133172503728471,0.0177349157493097,1,0
time_to_peak,0.232442970799705,0.238253183363464,0.0232442970799705,1,0.249962928273108,0.0624814655108667,1,0
duration_above_50,0.264264729040618,0.28075157531492,0.03,1,0.549561542476714,0.302017888969385,1,0
peak_plateau_duration,0.0700000000000001,0.0780000000000001,0.0321,1,0.249221183800623,0.0621111984549841,1,0
relaxation_50_time,0.133063341193853,0.123835646888256,0.03,1,-0.307589810186548,0.0946114913305967,1,0
relaxation_90_time,0.269416969293533,0.228644716977958,0.05,1,-0.815445046311498,0.664950623553961,1,0
auc_normalized,0.27787374015586,0.284800160683,0.027787374015586,1,0.249265026743975,0.0621330535576744,1,0
