time_(s),Sarcomere_length_(microns)
0.00000,1.822934
0.03201,1.831255
0.06402,1.802634
0.09603,1.825939
0.12804,1.782900
0.16005,1.831463
0.19206,1.803338
0.22407,1.787506
0.25608,1.823885
0.28809,1.810577
0.32010,1.813587
0.35211,1.828937
0.38412,1.849410
0.41613,1.844318
0.44814,1.786977
0.48014,1.780899
0.51215,1.765758
0.54416,1.797725
0.57617,1.792012
0.60818,1.813107
0.64019,1.782021
0.67220,1.817834
0.70421,1.816630
0.73622,1.807753
0.76823,1.823841
0.80024,1.793630
0.83225,1.822669
0.86426,1.750389
0.89627,1.811839
0.92828,1.823368
0.96029,1.818214
0.99230,1.829644
1.02431,1.798816
1.05632,1.807775
1.08833,1.810690
1.12034,1.811964
1.15235,1.816970
1.18436,1.799664
1.21637,1.798092
1.24838,1.777004
1.28039,1.773520
1.31240,1.800989
1.34441,1.813324
1.37641,1.797504
1.40842,1.820270
1.44043,1.784126
1.47244,1.823427
1.50445,1.801321
1.53646,1.832672
1.56847,1.830099
1.60048,1.827420
1.63249,1.838213
1.66450,1.822252
1.69651,1.784922
1.72852,1.809819
1.76053,1.801411
1.79254,1.777635
1.82455,1.813923
1.85656,1.797572
1.88857,1.794383
1.92058,1.814724
1.95259,1.812938
1.98460,1.811433
2.01661,1.801831
2.04862,1.796855
2.08063,1.816694
2.11264,1.818132
2.14465,1.823952
2.17666,1.817770
2.20867,1.829174
2.24068,1.817131
2.27269,1.786376
2.30469,1.797994
2.33670,1.817187
2.36871,1.798000
2.40072,1.805488
2.43273,1.834810
2.46474,1.825040
2.49675,1.815059
2.52876,1.823071
2.56077,1.807936
2.59278,1.839228
2.62479,1.830719
2.65680,1.798018
2.68881,1.785772
2.72082,1.847041
2.75283,1.912480
2.78484,1.857571
2.81685,1.859883
2.84886,1.835695
2.88087,1.814209
2.91288,1.841951
2.94489,1.825506
2.97690,1.807658
3.00891,1.801790
3.04092,1.818674
3.07293,1.823397
3.10494,1.825200
3.13695,1.808277
3.16896,1.826229
3.20096,1.812160
3.23297,1.832373
3.26498,1.798419
3.29699,1.820729
3.32900,1.813830
3.36101,1.779192
3.39302,1.833216
3.42503,1.826195
3.45704,1.823405
3.48905,1.819622
3.52106,1.817840
3.55307,1.785057
3.58508,1.778376
3.61709,1.794979
3.64910,1.832929
3.68111,1.826101
3.71312,1.831947
3.74513,1.784647
3.77714,1.804952
3.80915,1.824229
3.84116,1.802977
3.87317,1.823779
3.90518,1.829172
3.93719,1.824462
3.96920,1.815271
4.00121,1.821098
4.03322,1.822625
4.06523,1.821439
4.09723,1.815741
4.12924,1.818568
4.16125,1.803840
4.19326,1.814653
4.22527,1.817502
4.25728,1.804126
4.28929,1.802639
4.32130,1.829833
4.35331,1.817610
4.38532,1.793605
4.41733,1.863564
4.44934,1.824717
4.48135,1.781835
4.51336,1.754753
4.54537,1.791426
4.57738,1.801681
4.60939,1.847005
4.64140,1.842117
4.67341,1.801602
4.70542,1.795262
4.73743,1.810513
4.76944,1.811177
