condition,feature,target_value,model_value,scale,weight,standardized_residual,contribution,included,missing_model_feature
Control,peak_amplitude,4372.81655170589,4351.47580268951,437.281655170589,1,-0.0488032113033649,0.00238175343352089,1,0
Control,force_onset_delay,0.0545570292002954,0.01972546949652,0.0321,1,-1.08509531787462,1.17743184887343,1,0
Control,rise_20_to_50,0.0517358333936834,0.0562504587695902,0.0321,1,0.14064253507498,0.019780322672317,1,0
Control,time_to_peak,0.232442970799705,0.23877453050348,0.0232442970799705,1,0.272391962724964,0.074197381357158,1,0
Control,duration_above_50,0.264264729040618,0.281735586306983,0.03,1,0.582361908878818,0.339145392912981,1,0
Control,peak_plateau_duration,0.0700000000000001,0.0790000000000001,0.0321,1,0.280373831775701,0.0786094855445892,1,0
Control,relaxation_50_time,0.133063341193853,0.12458745204288,0.03,1,-0.282529638365777,0.0798229965550966,1,0
Control,relaxation_90_time,0.269416969293533,0.230764783024944,0.05,1,-0.773043725371778,0.597596601336677,1,0
Control,auc_normalized,0.27787374015586,0.286032314110206,0.027787374015586,1,0.29360723146309,0.0862052063674203,1,0
H251N,peak_amplitude,9081.49723916457,8443.63208934798,908.149723916457,1,-0.702378840204625,0.493336035167194,1,0
H251N,force_onset_delay,0.0333719489980998,0.0164549364738614,0.0321,1,-0.52700973595758,0.277739261794079,1,0
H251N,rise_20_to_50,0.0553734800254077,0.0577675239334983,0.0321,1,0.0745808071056266,0.00556229678852669,1,0
H251N,time_to_peak,0.369628051001901,0.315045063526139,0.0369628051001901,1,-1.4767003566913,2.18064394345222,1,0
H251N,duration_above_50,0.516731970359692,0.517551819814197,0.0516731970359692,1,0.0158660485809319,0.00025173149757249,1,0
H251N,peak_plateau_duration,0.184,0.193,0.0321,1,0.280373831775701,0.0786094855445892,1,0
H251N,relaxation_50_time,0.24328501528091,0.285742327805115,0.03,1,1.41524375080685,2.00291487419783,1,0
H251N,relaxation_90_time,0.369001792152344,0.298635027436719,0.05,1,-1.4073352943125,1.98059263061766,1,0
H251N,auc_normalized,0.502226170008885,0.475194960372543,0.0502226170008886,1,-0.538227819467559,0.289689185648803,1,0
