time_s,force_N_per_m2
0.352564102564103,197.829467097044
0.384615384615385,153.2701189854
0.416666666666667,141.718272842516
0.448717948717949,149.344522509183
0.480769230769231,148.688266501501
0.512820512820513,220.717601971041
0.544871794871795,436.027793125921
0.576923076923077,862.103226043426
0.608974358974359,1572.32771981252
0.641025641025641,2474.976891312
0.673076923076923,3319.73339638119
0.705128205128205,3950.49438406608
0.737179487179487,4369.04641956676
0.769230769230769,4533.11368942708
0.801282051282051,4320.4704048316
0.833333333333333,3754.31329592323
0.865384615384615,3046.07383252228
0.897435897435897,2372.63057311424
0.92948717948718,1793.24635869995
0.961538461538462,1328.03056747552
0.993589743589744,960.551356713658
1.02564102564103,658.104572284031
1.05769230769231,439.462319246382
1.08974358974359,319.646281382374
1.12179487179487,246.734983857983
1.15384615384615,183.756797973434
1.18589743589744,153.281761059596
1.21794871794872,154.464314963296
1.25,152.11742627734
1.28205128205128,148.105316827607
1.31410256410256,136.643857398211
1.34615384615385,75.2779667354859
1.37820512820513,24.6663777889538
1.41025641025641,82.7504525361323
1.44230769230769,147.497999773593
1.47435897435897,137.614908254774
