restart,parameter,p_value,actual_value,best_error
1,k_1_control,0.5421165087,6.80561720213503,0.544292219121909
1,k_1_h251n,0.4961858305,16.6575274589229,0.544292219121909
1,k_3_control,0.4603812065,20.9486988201828,0.544292219121909
1,k_3_h251n,0.5291260148,17.9207860248514,0.544292219121909
1,k_5_0_control,0.5501989824,303.08189487151,0.544292219121909
1,k_5_0_h251n,0.4808813712,1046.64974844111,0.544292219121909
2,k_1_control,0.6031480481,9.01427070944558,1.84068690266818
2,k_1_h251n,0.239663023,5.1116948815852,1.84068690266818
2,k_3_control,0.4728003972,22.1817310045884,1.84068690266818
2,k_3_h251n,0.5707582492,21.7080854875855,1.84068690266818
2,k_5_0_control,0.3834181658,140.604221651018,1.84068690266818
2,k_5_0_h251n,0.607335813,1873.74400783223,1.84068690266818
3,k_1_control,0.03140425302,0.647803076695786,1.37446246881185
3,k_1_h251n,0.3739758654,9.4883480627174,1.37446246881185
3,k_3_control,0.3378529146,11.9151762031902,1.37446246881185
3,k_3_h251n,0.5493499221,19.6700230560709,1.37446246881185
3,k_5_0_control,0.9539385782,1945.53561494219,1.37446246881185
3,k_5_0_h251n,0.5406003397,1377.96856527695,1.37446246881185
4,k_1_control,0.2337945335,1.64521843503544,1.82325234443014
4,k_1_h251n,0.4066327282,11.0281923729751,1.82325234443014
4,k_3_control,0.4301185885,18.2235010836825,1.82325234443014
4,k_3_h251n,0.5948259847,24.2525268573523,1.82325234443014
4,k_5_0_control,0.5349019099,282.46578462634,1.82325234443014
4,k_5_0_h251n,0.6849003971,2678.17791988894,1.82325234443014
